tree
version=v4
num_class=1
num_tree_per_iteration=1
label_index=0
max_feature_idx=9
objective=regression
feature_names=visit_month medication_on updrs_1_baseline updrs_2_baseline updrs_3_baseline updrs_4_baseline updrs_total_baseline motor_adl_ratio motor_cog_ratio baseline_time_interaction
feature_infos=[12:108] [0:1] [0:27] [0:26] [0:54] [0:11] [0:107] [0:26] [0:46] [0:3456]
tree_sizes=1347 1385 1399 1390 1382 1373 1388 1377 1390 1380 1385 1378 1393 1384 1393 1393 1377 1395 1401 1390 1378 1390 1392 1388 1394 1390 1377 1401 1382 1399 1393 1399 1396 1391 1393 1397 1377 1404 1393 1392 1397 1399 1405 1397 1407 1400 1398 1412 1397 1385 1402 1401 1392 1404 1403 1408 1404 1418 1411 1413 1390 1407 1406 1407 1320 1411 1330 1406 1426 1323 1392 1408 1420 1400 1406 1405 1335 1414 1405 1076 1407 1405 1401 1396 1393 1407 1398 1408 1403 1402 1405 1408 1392 1386 1396 1400 1392 1320 1419 1387 1411 1405 1311 1229

Tree=0
num_leaves=15
num_cat=0
split_feature=4 4 0 4 1 4 1 2 8 4 1 7 7 4
split_gain=169360 23963.1 13242.2 7326.7 5708.85 4326.28 3586.16 3024.49 2597.76 2574.08 2542.07 1838.03 1343.63 1113.19
threshold=7.5000000000000009 24.500000000000004 42.000000000000007 40.500000000000007 1.0000000180025095e-35 14.500000000000002 1.0000000180025095e-35 5.5000000000000009 1.3452380952380956 6.5000000000000009 1.0000000180025095e-35 2.5227272727272729 6.1000000000000005 10.500000000000002
decision_type=2 2 2 2 2 2 2 2 2 2 2 2 2 2
left_child=9 2 5 4 11 13 -7 10 -9 -1 -4 -3 -6 -2
right_child=1 3 7 -5 12 6 -8 8 -10 -11 -12 -13 -14 -15
leaf_value=19.731574619698609 20.085315858042012 20.990315859371652 20.572458715399051 21.088198212235696 20.569290380764123 20.465913418950187 20.282956883371259 20.423030144302565 20.809090052509539 20.012003358464547 20.315969704147715 20.720613731379814 20.384924553940579 20.236426969065498
leaf_weight=371 65 30 105 34 157 164 234 21 62 32 52 94 46 135
leaf_count=371 65 30 105 34 157 164 234 21 62 32 52 94 46 135
internal_value=20.2859 20.4647 20.3767 20.6691 20.6255 20.3011 20.3583 20.5649 20.7114 19.7538 20.4875 20.7859 20.5275 20.1873
internal_weight=1602 1199 838 361 327 598 398 240 83 403 157 124 203 200
internal_count=1602 1199 838 361 327 598 398 240 83 403 157 124 203 200
is_linear=0
shrinkage=1


Tree=1
num_leaves=15
num_cat=0
split_feature=6 9 8 6 1 7 9 9 9 8 1 1 7 8
split_gain=146348 19998.9 18780.1 7936.97 7001.48 4064.61 3607.92 3366.23 3212.86 1757.48 1405.82 1401.61 1359.49 932.884
threshold=15.500000000000002 1122.0000000000002 2.3038461538461541 32.500000000000007 1.0000000180025095e-35 1.7071428571428573 510.00000000000006 378.00000000000006 1860.0000000000002 4.154761904761906 1.0000000180025095e-35 1.0000000180025095e-35 2.1846590909090913 3.183333333333334
decision_type=2 2 2 2 2 2 2 2 2 2 2 2 2 2
left_child=2 3 -1 6 9 -6 -2 -4 11 -5 -8 -3 -10 -13
right_child=1 8 7 4 5 -7 10 -9 12 -11 -12 13 -14 -15
leaf_value=-0.534709894781082 -0.023705102495538689 0.45950457891386542 -0.20359476792278572 0.319726564751731 -0.12368410999470568 0.18403441333963025 0.22164897433519362 0.15609112332264583 0.8433009617328644 0.54465817467732858 0.062968248406259142 0.43788075697162876 0.53324405520302909 0.20551093749701976
leaf_weight=379 288 89 67 108 47 217 100 36 20 44 101 23 35 48
leaf_count=379 288 89 67 108 47 217 100 36 20 44 101 23 35 48
internal_value=-2.38774e-09 0.188104 -0.437088 0.126315 0.222639 0.129251 0.0443714 -0.0778793 0.448192 0.384838 0.141914 0.380198 0.645992 0.280786
internal_weight=1602 1120 482 905 416 264 489 103 215 152 201 160 55 71
internal_count=1602 1120 482 905 416 264 489 103 215 152 201 160 55 71
is_linear=0
shrinkage=0.03


Tree=2
num_leaves=15
num_cat=0
split_feature=4 4 0 4 1 4 1 0 4 2 3 7 4 6
split_gain=150131 21553.3 11753.3 6811.86 5009.46 3840.29 3238.24 2779.3 2287.83 2031.28 2013.08 1708.22 1002.53 348.953
threshold=7.5000000000000009 24.500000000000004 42.000000000000007 40.500000000000007 1.0000000180025095e-35 14.500000000000002 1.0000000180025095e-35 90.000000000000014 6.5000000000000009 5.5000000000000009 3.5000000000000004 2.5227272727272729 10.500000000000002 4.5000000000000009
decision_type=2 2 2 2 2 2 2 2 2 2 2 2 2 2
left_child=8 2 5 4 11 12 -7 9 13 -4 -6 -3 -2 -1
right_child=1 3 7 -5 10 6 -8 -9 -10 -11 -12 -13 -14 -15
leaf_value=-0.55032700500990217 -0.19033112808947381 0.66748074150085446 0.16364713326018923 0.76630701197420847 0.037664699792861939 0.16982054756272857 -0.0040345229246677491 0.57581616764483246 -0.25755252264440059 0.35791165043229922 0.27517134049538794 0.40747700751303362 -0.046927242139975227 -0.49211993625150857
leaf_weight=190 65 30 144 34 40 164 234 23 32 73 163 94 135 181
leaf_count=190 65 30 144 34 40 164 234 23 32 73 163 94 135 181
internal_value=-2.70857e-09 0.168372 0.0848882 0.362164 0.320143 0.013712 0.0676042 0.262235 -0.500937 0.228999 0.228372 0.470381 -0.0935335 -0.521929
internal_weight=1602 1199 838 361 327 598 398 240 403 217 203 124 200 371
internal_count=1602 1199 838 361 327 598 398 240 403 217 203 124 200 371
is_linear=0
shrinkage=0.03


Tree=3
num_leaves=15
num_cat=0
split_feature=6 9 9 6 6 1 2 9 1 9 9 7 1 7
split_gain=129680 19214.1 9733.08 8173.07 5603.42 4312.03 3116.79 2612.64 2233.97 1828.79 1359.21 1244.36 1073.66 641.307
threshold=13.500000000000002 1194.0000000000002 270.00000000000006 10.500000000000002 34.500000000000007 1.0000000180025095e-35 2.5000000000000004 1860.0000000000002 1.0000000180025095e-35 138.00000000000003 378.00000000000006 2.1846590909090913 1.0000000180025095e-35 2.0750000000000006
decision_type=2 2 2 2 2 2 2 2 2 2 2 2 2 2
left_child=3 2 9 -1 8 -6 10 12 -4 -2 -5 -9 13 -3
right_child=1 7 4 6 5 -7 -8 11 -10 -11 -12 -13 -14 -15
leaf_value=-0.50615899065145598 -0.29811693800420597 0.57714147383516479 0.1596033359441868 -0.17999254293558073 0.38835261580489927 0.16897781108273194 -0.4261765047311783 0.80046341371536245 0.020391860028954364 -0.039793681387874209 0.10427226856350899 0.50382566479274193 0.27170972637832164 0.38820440780921062
leaf_weight=343 29 22 194 41 126 224 35 20 223 165 24 35 60 61
leaf_count=343 29 22 194 41 126 224 35 20 223 165 24 35 60 61
internal_value=1.71914e-09 0.166873 0.111428 -0.436582 0.159444 0.247953 -0.197933 0.435976 0.0851569 -0.078409 -0.0750332 0.611694 0.368393 0.438284
internal_weight=1602 1159 961 443 767 350 100 198 417 194 65 55 143 83
internal_count=1602 1159 961 443 767 350 100 198 417 194 65 55 143 83
is_linear=0
shrinkage=0.03


Tree=4
num_leaves=15
num_cat=0
split_feature=6 8 6 1 7 0 8 6 3 2 8 8 0 0
split_gain=122051 15899.2 12931 10209.2 5642.48 4085.08 3466.17 2651.01 2583.02 1730.48 1519.78 1416.23 1380.59 1248.62
threshold=15.500000000000002 2.3038461538461541 30.500000000000004 1.0000000180025095e-35 1.7071428571428573 42.000000000000007 4.154761904761906 40.500000000000007 10.500000000000002 1.0000000180025095e-35 7.291666666666667 9.5833333333333339 42.000000000000007 30.000000000000004
decision_type=2 2 2 2 2 2 2 2 2 2 2 2 2 2
left_child=1 -1 5 6 -5 10 8 -6 -4 -3 -2 -12 -11 -8
right_child=2 9 3 4 7 -7 13 -9 -10 12 11 -13 -14 -15
leaf_value=-0.48898078097241843 -0.028599211570071545 -0.24004560649394988 0.25733997385017576 -0.1303898547392971 0.10873119635784879 0.1997460630373098 0.48225843067467217 0.28514892732458452 0.47509130754651357 -0.08349808172431103 0.28328206485509871 0.0091125705408362234 0.19685415172576903 0.74930819804851823
leaf_weight=379 285 35 132 53 141 128 40 168 78 43 30 39 25 26
leaf_count=379 285 35 132 53 141 128 40 168 78 43 30 39 25 26
internal_value=1.32342e-09 -0.399158 0.171781 0.260382 0.155595 0.0545033 0.39782 0.204648 0.338219 -0.0686472 0.00198609 0.128317 0.0195726 0.58746
internal_weight=1602 482 1120 638 362 482 276 309 210 103 354 69 68 66
internal_count=1602 482 1120 638 362 482 276 309 210 103 354 69 68 66
is_linear=0
shrinkage=0.03


Tree=5
num_leaves=15
num_cat=0
split_feature=4 4 0 4 4 0 6 8 9 3 7 0 7 4
split_gain=125501 18490.5 10096.1 6244.19 3326.19 2567.33 2316.09 1899.17 1865.15 1398.84 1367.38 1022.71 494.439 476.548
threshold=7.5000000000000009 24.500000000000004 54.000000000000007 40.500000000000007 10.500000000000002 54.000000000000007 29.500000000000004 2.3038461538461541 510.00000000000006 3.5000000000000004 4.9375000000000009 78.000000000000014 3.3166666666666669 26.500000000000004
decision_type=2 2 2 2 2 2 2 2 2 2 2 2 2 2
left_child=7 2 4 5 12 9 10 -1 -6 -3 -4 -8 -2 -7
right_child=1 3 6 -5 8 13 11 -9 -10 -11 -12 -13 -14 -15
leaf_value=-0.47580073219537733 -0.10721632000868735 0.12794768957228494 0.13201500626710744 0.72037455397493699 0.0052215570138235178 0.61106056380271911 0.32682281953096387 -0.21967024121965678 0.11420973086390981 0.29333109069632307 0.3832319062031232 0.56850996769391571 -0.26894172377056547 0.41627725825859951
leaf_weight=375 46 58 78 34 364 20 40 28 231 223 26 26 27 26
leaf_count=375 46 58 78 34 364 20 40 28 231 223 26 26 27 26
internal_value=1.26765e-09 0.153942 0.0766171 0.333438 0.0240864 0.293206 0.283032 -0.458005 0.0475346 0.259195 0.194819 0.422033 -0.167033 0.500966
internal_weight=1602 1199 838 361 668 327 170 403 595 281 104 66 73 46
internal_count=1602 1199 838 361 668 327 170 403 595 281 104 66 73 46
is_linear=0
shrinkage=0.03


Tree=6
num_leaves=15
num_cat=0
split_feature=4 4 0 4 1 1 9 2 4 1 7 4 7 0
split_gain=118084 17397.7 9499.44 5875.16 4085.8 4039.27 3215.42 2641.14 1810.31 1773.21 1506.28 1354.46 1018.46 688.442
threshold=7.5000000000000009 24.500000000000004 54.000000000000007 40.500000000000007 1.0000000180025095e-35 1.0000000180025095e-35 450.00000000000006 5.5000000000000009 6.5000000000000009 1.0000000180025095e-35 2.5227272727272729 11.500000000000002 6.1000000000000005 78.000000000000014
decision_type=2 2 2 2 2 2 2 2 2 2 2 2 2 2
left_child=8 2 5 4 10 6 -2 9 -1 -4 -3 -7 -6 -9
right_child=1 3 7 -5 12 11 -8 13 -10 -11 -12 -13 -14 -15
leaf_value=-0.46293873341417696 0.01990623990203752 0.60517476108670232 0.27698349021673202 0.69876331907861366 0.2379021845492208 -0.17926303194037504 0.21804271995501462 0.3586425295998068 -0.227765582408756 0.027586820102654969 0.36102267923507286 -0.018989160603336792 0.077388152726318521 0.57401896281675857
leaf_weight=371 172 30 75 34 157 56 129 34 32 39 94 311 46 22
leaf_count=371 172 30 75 34 157 56 129 34 32 39 94 311 46 22
internal_value=-4.28531e-09 0.149323 0.0743185 0.323434 0.284409 0.0233638 0.104822 0.274541 -0.444265 0.191664 0.420092 -0.0434451 0.20153 0.443255
internal_weight=1602 1199 838 361 327 668 301 170 403 114 124 367 203 56
internal_count=1602 1199 838 361 327 668 301 170 403 114 124 367 203 56
is_linear=0
shrinkage=0.03


Tree=7
num_leaves=15
num_cat=0
split_feature=6 9 8 9 6 1 9 8 9 8 8 6 6 2
split_gain=101901 15649.7 8262.92 7891.21 4368.37 3643.16 2236.85 2001.5 1535.72 1512.26 940.204 1160.77 910.79 578.917
threshold=13.500000000000002 1194.0000000000002 2.3038461538461541 270.00000000000006 34.500000000000007 1.0000000180025095e-35 1938.0000000000002 1.3229166666666667 378.00000000000006 1.6568627450980393 3.3541666666666674 42.500000000000007 24.500000000000004 9.5000000000000018
decision_type=2 2 2 2 2 2 2 2 2 2 2 2 2 2
left_child=2 3 -1 9 7 -6 10 -5 -4 12 13 -12 -2 -3
right_child=1 6 8 4 5 -7 -8 -9 -10 -11 11 -13 -14 -15
leaf_value=-0.4482958386550292 -0.34795876835999284 0.50494783639907836 -0.20038357857348663 -0.1847288107216358 0.34832086853505595 0.14667706546215672 0.58810535334959257 0.092127332015305152 0.08240114740133285 -0.018348956853836116 0.19187613592616148 0.42068840561374538 -0.10493630993791987 0.3323292532387902
leaf_weight=362 23 36 56 25 126 224 41 392 25 136 56 31 35 34
leaf_count=362 23 36 56 25 126 224 41 392 25 136 56 31 35 34
internal_value=2.58538e-10 0.147925 -0.387008 0.0978861 0.141121 0.219269 0.390788 0.0755292 -0.113104 -0.0730478 0.339259 0.273407 -0.201307 0.421105
internal_weight=1602 1159 443 961 767 350 198 417 81 194 157 87 58 70
internal_count=1602 1159 443 961 767 350 198 417 81 194 157 87 58 70
is_linear=0
shrinkage=0.03


Tree=8
num_leaves=15
num_cat=0
split_feature=4 4 0 4 1 4 1 9 4 7 8 7 8 4
split_gain=104688 15695.9 8559.96 5455.59 3654.82 2850.22 2624.53 2452.3 1600.16 1396.49 1222.12 938.893 826.856 712.918
threshold=7.5000000000000009 24.500000000000004 42.000000000000007 40.500000000000007 1.0000000180025095e-35 14.500000000000002 1.0000000180025095e-35 1416.0000000000002 6.5000000000000009 2.5227272727272729 4.2250000000000005 6.1000000000000005 3.4365079365079372 10.500000000000002
decision_type=2 2 2 2 2 2 2 2 2 2 2 2 2 2
left_child=8 2 5 4 9 13 -7 10 -1 -3 -4 -6 -9 -2
right_child=1 3 7 -5 11 6 -8 12 -10 -11 -12 -13 -14 -15
leaf_value=-0.43586322964683699 -0.16540547683548468 0.57490568447113044 0.22962527946644537 0.66765337935484503 0.22490501389002343 0.14706461455036954 -0.0094513457206388315 0.5009299694299697 -0.21476091361138969 0.33982022159594172 0.070925399946669729 0.070788750622583468 0.27209036986033119 -0.04447589578562313
leaf_weight=371 65 30 111 34 157 164 234 30 32 94 72 46 27 135
leaf_count=371 65 30 111 34 157 164 234 30 32 94 72 46 27 135
internal_value=1.489e-09 0.140599 0.0693565 0.305975 0.268369 0.00861435 0.0550427 0.220706 -0.418307 0.396696 0.167186 0.189982 0.392532 -0.083778
internal_weight=1602 1199 838 361 327 598 398 240 403 124 183 203 57 200
internal_count=1602 1199 838 361 327 598 398 240 403 124 183 203 57 200
is_linear=0
shrinkage=0.03


Tree=9
num_leaves=15
num_cat=0
split_feature=4 4 0 4 4 2 0 8 3 4 7 8 2 4
split_gain=98500.6 14768.3 8086.22 5133.16 2728.21 2248.54 2133.33 1538.98 1166.54 902.444 888.395 732.594 555.12 467.094
threshold=7.5000000000000009 24.500000000000004 54.000000000000007 40.500000000000007 14.500000000000002 5.5000000000000009 54.000000000000007 2.3038461538461541 3.5000000000000004 10.500000000000002 4.9375000000000009 1.9500000000000002 5.5000000000000009 26.500000000000004
decision_type=2 2 2 2 2 2 2 2 2 2 2 2 2 2
left_child=7 2 4 6 9 10 8 -1 -3 -2 -4 -7 -6 -8
right_child=1 3 5 -5 12 11 13 -9 -10 -11 -12 -13 -14 -15
leaf_value=-0.42177700627982612 -0.15208425649224894 0.10945998074165705 0.13343237792684154 0.64762376846636038 0.032585140915919616 0.29111965436201831 0.55870259785652165 -0.19121093132666178 0.26048799373276293 -0.023332461790000432 0.34211775564629099 0.50868998705223201 0.099822666025766643 0.36586110992500415
leaf_weight=375 73 58 91 34 244 26 20 28 223 149 23 30 202 26
leaf_count=375 73 58 91 34 244 26 20 28 223 149 23 30 202 26
internal_value=-1.38414e-09 0.136381 0.0672758 0.296795 0.0202639 0.252005 0.260318 -0.405758 0.229315 -0.0656698 0.175536 0.407675 0.063038 0.449705
internal_weight=1602 1199 838 361 668 170 327 403 281 222 114 56 446 46
internal_count=1602 1199 838 361 668 170 327 403 281 222 114 56 446 46
is_linear=0
shrinkage=0.03


Tree=10
num_leaves=15
num_cat=0
split_feature=6 9 8 9 1 6 9 6 9 9 8 6 8 7
split_gain=84919.9 13257.9 6934.8 6809.65 3929.63 3529.05 2003.22 2002.37 1328.45 1292.98 811.739 1011.93 545.89 463.009
threshold=13.500000000000002 1194.0000000000002 2.3038461538461541 270.00000000000006 1.0000000180025095e-35 32.500000000000007 1938.0000000000002 40.500000000000007 378.00000000000006 138.00000000000003 3.3541666666666674 42.500000000000007 1.6833333333333336 1.9351851851851853
decision_type=2 2 2 2 2 2 2 2 2 2 2 2 2 2
left_child=2 3 -1 9 5 -5 10 -6 -4 -2 13 -12 -11 -3
right_child=1 6 8 4 7 -7 -8 -9 -10 12 11 -13 -14 -15
leaf_value=-0.40943948716501505 -0.2545463701979867 0.49615159761646516 -0.18354107434994407 0.12153824895309905 0.027018486196580139 0.32236656747279419 0.54530102332190766 0.16193988471317128 0.0794685396283865 -0.13223413173018433 0.17249631515571048 0.38613584466518897 -0.0059603730523057523 0.33188392232073116
leaf_weight=362 29 23 56 180 299 140 41 148 25 41 56 31 124 47
leaf_count=362 29 23 56 180 299 140 41 148 25 41 56 31 124 47
internal_value=6.42996e-10 0.135038 -0.353293 0.0889816 0.129145 0.209401 0.358573 0.0716904 -0.102365 -0.0698069 0.309809 0.248621 -0.0373375 0.385858
internal_weight=1602 1159 443 961 767 320 198 447 81 194 157 87 165 70
internal_count=1602 1159 443 961 767 320 198 447 81 194 157 87 165 70
is_linear=0
shrinkage=0.03


Tree=11
num_leaves=15
num_cat=0
split_feature=6 9 8 9 1 6 6 9 9 8 7 1 6 8
split_gain=79901.2 12474.3 6524.96 6407.2 3697.39 3320.48 1919.7 1899.5 1249.93 1219.5 1030.3 839.884 744.223 606.912
threshold=13.500000000000002 1194.0000000000002 2.3038461538461541 270.00000000000006 1.0000000180025095e-35 32.500000000000007 47.500000000000007 1860.0000000000002 378.00000000000006 1.6568627450980393 2.1846590909090913 1.0000000180025095e-35 24.500000000000004 3.183333333333334
decision_type=2 2 2 2 2 2 2 2 2 2 2 2 2 2
left_child=2 3 -1 9 5 -5 -6 11 -4 12 -9 -3 -2 -13
right_child=1 7 8 4 6 -7 -8 10 -10 -11 -12 13 -14 -15
leaf_value=-0.39715630164297905 -0.31545489860617598 0.352004851478051 -0.17803484129586389 0.1178921011040608 0.040072108977869766 0.31269556854665281 0.20070660061589102 0.6694113552868366 0.077084487050771713 -0.018592945037628796 0.39949135790552409 0.33961176167428492 -0.095775752740246897 0.13720986047387121
leaf_weight=362 23 83 56 180 365 140 82 20 25 136 35 20 35 40
leaf_count=362 23 83 56 180 365 140 82 20 25 136 35 20 35 40
internal_value=6.93016e-10 0.130987 -0.342694 0.0863121 0.12527 0.203119 0.0695397 0.347815 -0.0992943 -0.0677127 0.497644 0.290189 -0.18289 0.204677
internal_weight=1602 1159 443 961 767 320 447 198 81 194 55 143 58 60
internal_count=1602 1159 443 961 767 320 447 198 81 194 55 143 58 60
is_linear=0
shrinkage=0.03


Tree=12
num_leaves=15
num_cat=0
split_feature=4 4 0 4 1 1 6 0 3 7 2 4 4 6
split_gain=82402.6 12776.5 6954.31 4687 2953.41 2418.47 2020.79 1902.42 1379.42 1267.17 1263.04 1249.84 1129.52 287.721
threshold=7.5000000000000009 24.500000000000004 42.000000000000007 40.500000000000007 1.0000000180025095e-35 1.0000000180025095e-35 32.500000000000007 90.000000000000014 3.5000000000000004 2.5227272727272729 5.5000000000000009 6.5000000000000009 21.500000000000004 4.5000000000000009
decision_type=2 2 2 2 2 2 2 2 2 2 2 2 2 2
left_child=11 2 5 4 9 6 -2 10 -6 -3 -4 13 -7 -1
right_child=1 3 7 -5 8 12 -8 -9 -10 -11 -12 -13 -14 -15
leaf_value=-0.41242484088947895 0.026840101962393902 0.52420513039827343 0.1178507117073362 0.60918034441330859 0.010759431023150681 -0.073315819998898288 0.22200996341183782 0.45632007790648416 0.20736413710162135 0.30026838488718294 0.27103576517676653 -0.19123260539956391 0.060901906582671146 -0.3595708167026056
leaf_weight=190 188 30 144 34 40 275 64 23 163 94 73 32 71 181
leaf_count=190 188 30 144 34 40 275 64 23 163 94 73 32 71 181
internal_value=7.83706e-10 0.124739 0.0604633 0.273945 0.239089 0.00571365 0.0764071 0.196881 0.168624 0.354447 0.169383 -0.371123 -0.045774 -0.386639
internal_weight=1602 1199 838 361 327 598 252 240 203 124 217 403 346 371
internal_count=1602 1199 838 361 327 598 252 240 203 124 217 403 346 371
is_linear=0
shrinkage=0.03


Tree=13
num_leaves=15
num_cat=0
split_feature=4 9 8 4 9 8 4 9 0 4 8 4 4 4
split_gain=77657 9583.42 6557.43 6550.75 2446.07 2093.84 2069.33 1721.02 918.923 862.247 1079.25 843.04 710.27 484.856
threshold=10.500000000000002 1194.0000000000002 2.3038461538461541 23.500000000000004 510.00000000000006 4.4642857142857153 40.500000000000007 1938.0000000000002 30.000000000000004 37.500000000000007 2.1742424242424243 6.5000000000000009 15.500000000000002 16.500000000000004
decision_type=2 2 2 2 2 2 2 2 2 2 2 2 2 2
left_child=2 3 11 4 13 -4 8 9 -5 10 -3 -1 -6 -2
right_child=1 7 5 6 12 -7 -8 -9 -10 -11 -12 -13 -14 -15
leaf_value=-0.37816182135877024 -0.041373908021609195 0.40814430562779308 0.084873937737196675 0.23195969790301244 0.1925560479348814 -0.21343524827063085 0.51018896198272701 0.50169175970845103 0.1136346134235119 0.46233161262103484 0.20891156794861532 -0.24310897441620521 0.081958045662578305 0.029542447166376801
leaf_weight=362 191 32 40 184 71 45 20 41 87 21 104 47 198 159
leaf_count=362 191 32 40 184 71 45 20 41 87 21 104 47 198 159
internal_value=-1.74703e-09 0.139468 -0.312814 0.0983127 0.0431244 -0.0730545 0.215706 0.328615 0.193973 0.283416 0.25579 -0.362642 0.111149 -0.00915762
internal_weight=1602 1108 494 910 619 85 291 198 271 157 136 409 269 350
internal_count=1602 1108 494 910 619 85 291 198 271 157 136 409 269 350
is_linear=0
shrinkage=0.03


Tree=14
num_leaves=15
num_cat=0
split_feature=4 4 0 4 1 1 4 2 1 3 7 8 7 8
split_gain=73078.5 11318.6 6210.47 4220.41 3159.75 2727.63 2072.1 1781.2 1613.23 1281.48 1185.8 1081.67 1028.58 641.168
threshold=7.5000000000000009 24.500000000000004 54.000000000000007 40.500000000000007 1.0000000180025095e-35 1.0000000180025095e-35 16.500000000000004 5.5000000000000009 1.0000000180025095e-35 3.5000000000000004 2.5227272727272729 2.3038461538461541 1.4772727272727275 1.9500000000000002
decision_type=2 2 2 2 2 2 2 2 2 2 2 2 2 2
left_child=11 2 4 5 6 10 -2 8 -4 -7 -3 -1 -6 -9
right_child=1 3 7 -5 12 9 -8 13 -10 -11 -12 -13 -14 -15
leaf_value=-0.36292590648770329 0.0093669052656419217 0.49990759372711174 0.2321841529265046 0.57601679079672863 -0.1793934178115292 0.0049543206067755819 0.16679284215345977 0.24837587934273936 -0.0056964158059026188 0.19445099932547272 0.28328028949651313 -0.16962834823876619 -0.024780176979469441 0.45191774928569789
leaf_weight=375 151 30 75 34 44 40 150 26 39 163 94 28 323 30
leaf_count=375 151 30 75 34 44 40 150 26 39 163 94 28 323 30
internal_value=6.28538e-10 0.11747 0.0569725 0.257905 0.0157725 0.22483 0.0878184 0.218864 0.150804 0.157112 0.33569 -0.349496 -0.0433169 0.357416
internal_weight=1602 1199 838 361 668 327 301 170 114 203 124 403 367 56
internal_count=1602 1199 838 361 668 327 301 170 114 203 124 403 367 56
is_linear=0
shrinkage=0.03


Tree=15
num_leaves=15
num_cat=0
split_feature=4 9 4 4 1 4 9 9 1 2 7 7 7 1
split_gain=69019.2 8566.48 5786.64 5619.4 3556.31 1800.59 1627.41 1588.37 1121.64 957.154 2157.62 913.046 904.713 723.685
threshold=10.500000000000002 1194.0000000000002 23.500000000000004 6.5000000000000009 1.0000000180025095e-35 40.500000000000007 450.00000000000006 1860.0000000000002 1.0000000180025095e-35 2.5000000000000004 2.9615384615384621 1.4772727272727275 2.1846590909090913 1.0000000180025095e-35
decision_type=2 2 2 2 2 2 2 2 2 2 2 2 2 2
left_child=3 2 4 -1 6 8 -2 13 -4 10 -5 -6 -9 -3
right_child=1 7 5 9 11 -7 -8 12 -10 -11 -12 -13 -14 -15
leaf_value=-0.353164169343334 0.036480471483691657 0.31499736187239008 0.27529354208489742 0.10654864818249878 -0.1724306861247335 0.47760278713703153 0.17871568147550251 0.60828104370832448 0.14243324849044994 -0.22378715742379426 -0.21529630820940224 -0.010221166682654414 0.35534596415928432 0.17824044694751501
leaf_weight=371 129 83 82 38 35 20 165 20 189 48 37 290 35 60
leaf_count=371 129 83 82 38 35 20 165 20 189 48 37 290 35 60
internal_value=-1.00663e-09 0.131483 0.0925724 -0.294904 0.0407025 0.202907 0.116306 0.310313 0.182635 -0.119178 -0.0522282 -0.0276899 0.447322 0.257617
internal_weight=1602 1108 910 494 619 291 294 198 271 123 75 325 55 143
internal_count=1602 1108 910 494 619 291 294 198 271 123 75 325 55 143
is_linear=0
shrinkage=0.03


Tree=16
num_leaves=15
num_cat=0
split_feature=4 9 8 4 9 8 4 9 4 8 4 4 8 9
split_gain=64940.2 8060.2 5470.77 5444.65 2139.14 1876.47 1754.82 1498.95 781.167 983.117 681.192 663.154 645.871 612.924
threshold=10.500000000000002 1194.0000000000002 2.3038461538461541 23.500000000000004 510.00000000000006 4.4642857142857153 31.500000000000004 1938.0000000000002 37.500000000000007 2.1742424242424243 40.500000000000007 6.5000000000000009 1.3452380952380956 852.00000000000011
decision_type=2 2 2 2 2 2 2 2 2 2 2 2 2 2
left_child=2 3 11 4 -2 -4 13 8 9 -3 -8 -1 -6 -5
right_child=1 7 5 6 12 -7 10 -9 -10 -11 -12 -13 -14 -15
leaf_value=-0.34533424769358406 -0.009410554195621184 0.37793666459619996 0.082443850770592686 0.18920056574691935 -0.060926686584949499 -0.19995685888330142 0.26376540834890372 0.46252855225307182 0.4291171758515494 0.18778437148779631 0.46327470445632934 -0.22555349507864483 0.11627003256859908 0.08192703233910846
leaf_weight=362 350 32 40 127 20 45 67 41 21 104 20 47 249 77
leaf_count=362 350 32 40 127 20 45 67 41 21 104 20 47 249 77
internal_value=1.79916e-09 0.127538 -0.286057 0.0897952 0.0394814 -0.0670624 0.19682 0.301003 0.258822 0.232526 0.30963 -0.33157 0.103096 0.14871
internal_weight=1602 1108 494 910 619 85 291 198 157 136 87 409 269 204
internal_count=1602 1108 494 910 619 85 291 198 157 136 87 409 269 204
is_linear=0
shrinkage=0.03


Tree=17
num_leaves=15
num_cat=0
split_feature=4 4 8 0 4 1 1 8 8 8 1 6 3 7
split_gain=61102.2 7484.5 5147.44 4908.76 3669.93 2382.89 2171.13 1765.57 1528.94 1771.08 1331.15 1222.04 1189.11 1093.19
threshold=10.500000000000002 24.500000000000004 2.3038461538461541 42.000000000000007 40.500000000000007 1.0000000180025095e-35 1.0000000180025095e-35 4.4642857142857153 3.4365079365079372 1.3452380952380956 1.0000000180025095e-35 32.500000000000007 3.5000000000000004 2.5227272727272729
decision_type=2 2 2 2 2 2 2 2 2 2 2 2 2 2
left_child=2 3 -1 6 5 13 11 -4 9 -5 -10 -2 -7 -3
right_child=1 4 7 8 -6 12 -8 -9 10 -11 -12 -13 -14 -15
leaf_value=-0.32162262395789393 0.047612385607131241 0.46632182341814038 0.079970532495528449 0.025115307927131649 0.53251335214166073 -0.0048358265385031697 -0.030574265730477144 -0.19395815215508144 0.18122508574731466 0.34114640702175186 -0.044417048658836972 0.20286079058423637 0.17770337470652867 0.25832573951083293
leaf_weight=409 159 30 40 20 34 40 310 45 82 79 33 64 163 94
leaf_count=409 159 30 40 20 34 40 310 45 82 79 33 64 163 94
internal_value=4.55895e-10 0.123712 -0.277476 0.0695087 0.235872 0.205029 0.0207794 -0.0650505 0.190876 0.277302 0.116476 0.092168 0.141735 0.308647
internal_weight=1602 1108 494 747 361 327 533 85 214 99 115 223 203 124
internal_count=1602 1108 494 747 361 327 533 85 214 99 115 223 203 124
is_linear=0
shrinkage=0.03


Tree=18
num_leaves=15
num_cat=0
split_feature=4 4 9 4 1 1 1 0 3 9 8 4 4 4
split_gain=57653.8 8889.56 5073.16 3453.04 2550.5 2242.06 1291.66 1248.81 1118.83 1091.24 1081.46 937.173 812.607 555.635
threshold=7.5000000000000009 24.500000000000004 558.00000000000011 40.500000000000007 1.0000000180025095e-35 1.0000000180025095e-35 1.0000000180025095e-35 78.000000000000014 3.5000000000000004 1572.0000000000002 4.154761904761906 16.500000000000004 6.5000000000000009 11.500000000000002
decision_type=2 2 2 2 2 2 2 2 2 2 2 2 2 2
left_child=12 2 6 5 9 10 11 -6 -7 -4 -3 -2 -1 -8
right_child=1 3 4 -5 7 8 13 -9 -10 -11 -12 -13 -14 -15
leaf_value=-0.32293918064823046 -0.01173896195146981 0.22028881507075351 0.18054816521491324 0.51653795747195974 0.011307046546118103 -0.0046907520219683649 -0.14145367000448075 0.24187354166507719 0.17237227322573723 0.3924371429443359 0.39862141377275639 0.11521937512949612 -0.16537696086801587 -0.03545085790782726
leaf_weight=371 127 69 175 34 137 40 57 25 163 25 55 89 32 203
leaf_count=371 127 69 175 34 137 40 57 25 163 25 55 89 32 203
internal_value=1.57046e-09 0.104339 0.0507244 0.228796 0.135367 0.198878 -0.0136464 0.0468883 0.137483 0.207034 0.299388 0.0405726 -0.310428 -0.0586899
internal_weight=1602 1199 838 361 362 327 476 162 203 200 124 216 403 260
internal_count=1602 1199 838 361 362 327 476 162 203 200 124 216 403 260
is_linear=0
shrinkage=0.03


Tree=19
num_leaves=15
num_cat=0
split_feature=4 4 0 4 1 1 6 8 3 8 0 3 4 4
split_gain=54246.4 8364.18 4765.89 3248.96 2524.78 2109.56 1694.83 1464.7 1052.71 1017.54 932.648 781.08 764.582 580.006
threshold=7.5000000000000009 24.500000000000004 54.000000000000007 40.500000000000007 1.0000000180025095e-35 1.0000000180025095e-35 32.500000000000007 4.2250000000000005 3.5000000000000004 4.154761904761906 78.000000000000014 6.5000000000000009 6.5000000000000009 17.500000000000004
decision_type=2 2 2 2 2 2 2 2 2 2 2 2 2 2
left_child=12 2 4 5 6 9 -2 10 -7 -3 -4 -6 -1 -9
right_child=1 3 7 -5 11 8 -8 13 -10 -11 -12 -13 -14 -15
leaf_value=-0.3132510115194192 0.035775186353296566 0.21368014798702106 0.18741810500621794 0.50104181486017563 -0.010143163697350592 -0.0045500293225049972 0.19892926722619828 0.0062827537804841993 0.16720110480542197 0.3866627768007192 0.3677328733993428 -0.10449554269210151 -0.16041565013118086 0.20098135418125562
leaf_weight=371 224 69 67 34 252 40 77 40 163 55 42 115 32 21
leaf_count=371 224 69 67 34 252 40 77 40 163 55 42 115 32 21
internal_value=2.73607e-10 0.101209 0.0492027 0.221932 0.013111 0.192912 0.0775123 0.191022 0.133359 0.290406 0.256897 -0.0397086 -0.301115 0.0733101
internal_weight=1602 1199 838 361 668 327 301 170 203 124 109 367 403 61
internal_count=1602 1199 838 361 668 327 301 170 203 124 109 367 403 61
is_linear=0
shrinkage=0.03


Tree=20
num_leaves=15
num_cat=0
split_feature=4 4 8 0 4 8 8 8 3 0 4 4 3 0
split_gain=51266.4 6184.58 4342.86 4134.11 3056.95 1655.91 1393.28 1674.16 1303 1495.8 727.119 700.798 591.651 499.3
threshold=10.500000000000002 24.500000000000004 2.3038461538461541 42.000000000000007 40.500000000000007 4.4642857142857153 3.4365079365079372 1.3452380952380956 3.5000000000000004 66.000000000000014 13.500000000000002 16.500000000000004 2.5000000000000004 30.000000000000004
decision_type=2 2 2 2 2 2 2 2 2 2 2 2 2 2
left_child=2 3 -1 11 8 -4 7 -5 12 -10 -8 13 -3 -2
right_child=1 4 5 6 -6 -7 10 -9 9 -11 -12 -13 -14 -15
leaf_value=-0.29471363418259655 -0.056591865303723704 0.15219271464781325 0.081399975031614308 0.012740277171134949 0.48601056028814876 -0.18388539846738178 0.24397038906812668 0.32000209287752079 0.19379692302690818 0.44219564199447631 0.06363075359316353 0.047944255163981798 -0.031887319207191463 0.037606998078525071
leaf_weight=409 138 33 40 20 34 45 26 79 240 24 89 315 30 80
leaf_count=409 138 33 40 20 34 45 26 79 240 24 89 315 30 80
internal_value=-2.14846e-09 0.113318 -0.254163 0.0640464 0.215274 -0.0590452 0.175427 0.257929 0.187124 0.216379 0.104403 0.0193271 0.0645356 -0.0220235
internal_weight=1602 1108 494 747 361 85 214 99 327 264 115 533 63 218
internal_count=1602 1108 494 747 361 85 214 99 327 264 115 533 63 218
is_linear=0
shrinkage=0.03


Tree=21
num_leaves=15
num_cat=0
split_feature=4 9 4 4 1 4 7 9 4 3 7 7 2 9
split_gain=48236.6 6268.95 4012.03 3916.89 2791.81 1404.16 1300.13 1266.56 1026.63 1009.71 806.288 719.657 1239.47 776.259
threshold=10.500000000000002 1194.0000000000002 23.500000000000004 6.5000000000000009 1.0000000180025095e-35 31.500000000000004 1.9351851851851853 390.00000000000006 24.500000000000004 9.5000000000000018 1.4772727272727275 3.3166666666666669 2.5000000000000004 354.00000000000006
decision_type=2 2 2 2 2 2 2 2 2 2 2 2 2 2
left_child=3 2 4 -1 7 -4 8 -2 -3 -8 -6 12 13 -5
right_child=1 6 5 11 10 -7 9 -9 -10 -11 -12 -13 -14 -15
leaf_value=-0.2951785387365885 0.018112379072982573 0.26005372568964957 0.12546885199187433 -0.063958583580596098 -0.1631701146534511 0.26941557108328262 0.25168147521209905 0.14753040216106145 0.53753742396831516 0.031668321977962148 -0.010738485049070982 -0.21045923436815675 -0.18971043396847587 0.17125734925917954
leaf_weight=371 107 24 204 28 35 87 128 187 24 22 290 37 35 23
leaf_count=371 107 24 204 28 35 87 128 187 24 22 290 37 35 23
internal_value=-5.98139e-10 0.109919 0.0766329 -0.246538 0.0334428 0.168504 0.2629 0.100429 0.398796 0.219413 -0.0271542 -0.0998275 -0.0522301 0.0421192
internal_weight=1602 1108 910 494 619 291 198 294 48 150 325 123 86 51
internal_count=1602 1108 910 494 619 291 198 294 48 150 325 123 86 51
is_linear=0
shrinkage=0.03


Tree=22
num_leaves=15
num_cat=0
split_feature=4 9 4 8 1 9 8 4 7 8 1 6 8 1
split_gain=45385.8 5942.31 4264.92 3858.04 3411.7 1598.32 1508.06 1334.15 1041.85 916.29 861.182 485.415 397.596 391.122
threshold=10.500000000000002 1488.0000000000002 31.500000000000004 2.3038461538461541 1.0000000180025095e-35 450.00000000000006 4.4642857142857153 23.500000000000004 2.0750000000000006 4.9375000000000009 1.0000000180025095e-35 6.5000000000000009 4.8166666666666673 1.0000000180025095e-35
decision_type=2 2 2 2 2 2 2 2 2 2 2 2 2 2
left_child=3 2 4 11 5 -2 13 -6 -3 -10 -4 -1 -12 -5
right_child=1 8 10 6 7 -7 -8 -9 9 -11 12 -13 -14 -15
leaf_value=-0.30396591312274701 0.052634256438896902 0.44825767536958055 0.37641613051295281 0.17260077743232249 -0.024970750272669623 0.17548048413789072 -0.17437386287252107 0.083501506236522166 0.18504058754669045 0.41919697284698482 0.12941827894825686 -0.23721180311741275 0.26334614072527202 -0.015018496021628379
leaf_weight=246 159 36 36 20 339 238 45 146 53 21 38 163 42 20
leaf_count=246 159 36 36 20 339 238 45 146 53 21 38 163 42 20
internal_value=-1.29754e-09 0.106621 0.0835559 -0.239142 0.061065 0.12628 -0.0552374 0.00768275 0.315887 0.25149 0.254564 -0.277362 0.19973 0.0787911
internal_weight=1602 1108 998 494 882 397 85 485 110 74 116 409 80 40
internal_count=1602 1108 998 494 882 397 85 485 110 74 116 409 80 40
is_linear=0
shrinkage=0.03


Tree=23
num_leaves=15
num_cat=0
split_feature=4 4 9 4 9 0 4 8 8 8 4 8 9 6
split_gain=42817.5 6602.23 3928.97 2743.01 1669.89 1117.03 956.926 892.894 773.096 570.722 483.545 465.436 426.53 393.037
threshold=7.5000000000000009 24.500000000000004 510.00000000000006 40.500000000000007 1416.0000000000002 54.000000000000007 16.500000000000004 1.2565789473684212 4.0714285714285721 1.3818181818181821 26.500000000000004 3.4365079365079372 138.00000000000003 9.5000000000000018
decision_type=2 2 2 2 2 2 2 2 2 2 2 2 2 2
left_child=9 2 6 5 7 8 12 -4 -3 -1 -7 -6 -2 -11
right_child=1 3 4 -5 11 10 -8 -9 -10 13 -12 -13 -14 -15
leaf_value=-0.28017835925577739 -0.15689413154963402 0.094828105878852695 -0.10781907007098197 0.45363193252507378 0.34337826704978941 0.41845158621668815 0.036516465467287797 0.098743628271892897 0.19457738568782806 -0.25353590470293297 0.22224356930989486 0.17168772290150325 -0.040087856817910598 -0.076170516257936291
leaf_weight=358 32 131 20 34 30 20 173 323 150 23 26 27 233 22
leaf_count=358 32 131 20 34 30 20 173 323 150 23 26 27 233 22
internal_value=1.81901e-09 0.0899174 0.0437124 0.197174 0.111687 0.170509 -0.0183647 0.0866992 0.148075 -0.267521 0.307551 0.262051 -0.0541928 -0.166824
internal_weight=1602 1199 838 361 400 327 438 343 281 403 46 57 265 45
internal_count=1602 1199 838 361 400 327 438 343 281 403 46 57 265 45
is_linear=0
shrinkage=0.03


Tree=24
num_leaves=15
num_cat=0
split_feature=4 9 4 1 9 1 9 0 9 8 8 4 8 6
split_gain=40287 6217.55 4330.56 2438.83 1763.17 1210.32 1179.01 1046.69 792.345 720.966 585.653 874.087 536.993 369.808
threshold=7.5000000000000009 1194.0000000000002 23.500000000000004 1.0000000180025095e-35 450.00000000000006 1.0000000180025095e-35 1938.0000000000002 30.000000000000004 618.00000000000011 5.0625000000000009 2.1742424242424243 37.500000000000007 1.3818181818181821 9.5000000000000018
decision_type=2 2 2 2 2 2 2 2 2 2 2 2 2 2
left_child=12 2 3 4 -2 9 10 -7 -5 -4 -3 -12 -1 -14
right_child=1 6 5 8 -6 7 -8 -9 -10 -11 11 -13 13 -15
leaf_value=-0.27177301517078994 0.0037003471402371401 0.31793233059346676 0.17695086744214805 -0.061848490825360002 0.14045024153034566 0.1628290432407879 0.38407831008841348 0.018264936532663263 0.03935556011815225 0.34902961736855409 0.13845031834459615 0.35064147566046033 -0.24592983204385505 -0.073885402110489926
leaf_weight=358 163 32 56 277 177 130 41 69 93 36 104 21 23 22
leaf_count=358 163 32 56 277 177 130 41 69 93 36 104 21 23 22
internal_value=3.0332e-10 0.0872199 0.0568364 0.0168886 0.0748907 0.154304 0.240825 0.112704 -0.0364107 0.244286 0.203415 0.174098 -0.259495 -0.161819
internal_weight=1602 1199 1001 710 340 291 198 199 370 92 157 125 403 45
internal_count=1602 1199 1001 710 340 291 198 199 370 92 157 125 403 45
is_linear=0
shrinkage=0.03


Tree=25
num_leaves=15
num_cat=0
split_feature=9 9 6 8 8 1 7 8 8 7 7 8 6 9
split_gain=35236.7 5532.65 2861.5 2951.22 2526.11 2347.51 1285.26 1225.45 1131.64 1113.72 758.687 1039.67 714.667 657.056
threshold=198.00000000000003 1194.0000000000002 27.500000000000004 2.1125000000000003 1.3603896103896107 1.0000000180025095e-35 1.7071428571428573 2.3875000000000006 4.6125000000000007 1.9351851851851853 2.3541666666666674 2.2863636363636366 21.500000000000004 1860.0000000000002
decision_type=2 2 2 2 2 2 2 2 2 2 2 2 2 2
left_child=4 2 3 12 -1 8 -7 -5 -4 13 -11 -12 -2 -3
right_child=1 9 5 7 -6 6 -8 -9 -10 10 11 -13 -14 -15
leaf_value=-0.26113284348843774 -0.22586622631774758 0.26556973668081418 0.14351585271624992 0.26813498273491859 -0.097384719502712991 -0.088659436181187629 0.078613326095682154 0.025176267125840548 0.30752264778614041 0.021337631543632597 0.41310135602951048 0.1825766681119321 -0.049646137220894587 0.49070791214704512
leaf_weight=349 53 28 156 20 112 48 298 284 50 20 21 109 34 20
leaf_count=349 53 28 156 20 112 48 298 284 50 20 21 109 34 20
internal_value=1.46746e-09 0.0894325 0.0591618 -0.00293125 -0.22135 0.103144 0.0554079 0.0411604 0.183323 0.2336 0.193352 0.219815 -0.156999 0.359377
internal_weight=1602 1141 943 391 461 552 346 304 206 198 150 130 87 48
internal_count=1602 1141 943 391 461 552 346 304 206 198 150 130 87 48
is_linear=0
shrinkage=0.03


Tree=26
num_leaves=15
num_cat=0
split_feature=4 9 4 8 9 8 4 8 7 8 0 6 8 7
split_gain=35898.7 4758.63 3542.16 3032.78 1470.72 1383.68 1320.55 958.639 904.54 860.432 465.334 397.182 352.169 263.862
threshold=10.500000000000002 1488.0000000000002 31.500000000000004 2.3038461538461541 510.00000000000006 4.4642857142857153 22.500000000000004 1.2565789473684212 2.0750000000000006 4.9375000000000009 78.000000000000014 6.5000000000000009 4.8166666666666673 6.291666666666667
decision_type=2 2 2 2 2 2 2 2 2 2 2 2 2 2
left_child=3 2 4 11 6 -5 -2 -6 -3 10 -10 -1 -4 -14
right_child=1 8 12 5 7 -7 -8 -9 9 -11 -12 -13 13 -15
leaf_value=-0.27063556550479517 -0.013770855056928166 0.40543178585668405 0.17498106307333164 0.078751661877147855 -0.10731471048934119 -0.16374853255103031 0.11801488800883986 0.10015914134554225 0.082811063011327096 0.38460327531610217 0.26321635723114012 -0.21025231500710445 0.33166014785567915 0.20479181613922118
leaf_weight=246 335 36 55 40 21 45 86 440 31 21 22 163 36 25
leaf_count=246 335 36 55 40 21 45 86 440 31 21 22 163 36 25
internal_value=-1.04455e-09 0.094825 0.0741843 -0.212684 0.0536876 -0.0496308 0.0131497 0.0907081 0.282092 0.222089 0.157696 -0.246571 0.23003 0.279665
internal_weight=1602 1108 998 494 882 85 421 461 110 74 53 409 116 61
internal_count=1602 1108 998 494 882 85 421 461 110 74 53 409 116 61
is_linear=0
shrinkage=0.03


Tree=27
num_leaves=15
num_cat=0
split_feature=4 4 1 4 9 1 0 6 2 4 8 4 2 6
split_gain=33783.6 5290.83 3156.7 2425.34 2382.69 1601.6 1286.26 1173.47 964.392 926.343 897.843 422.687 337.332 216.393
threshold=7.5000000000000009 24.500000000000004 1.0000000180025095e-35 40.500000000000007 450.00000000000006 1.0000000180025095e-35 78.000000000000014 32.500000000000007 9.5000000000000018 11.500000000000002 4.154761904761906 6.5000000000000009 9.5000000000000018 4.5000000000000009
decision_type=2 2 2 2 2 2 2 2 2 2 2 2 2 2
left_child=11 2 4 5 7 10 9 -2 -6 -4 -3 13 -7 -1
right_child=1 3 6 -5 8 12 -8 -9 -10 -11 -12 -13 -14 -15
leaf_value=-0.26901508221500797 -0.025825042500027585 0.16368978226962297 -0.13796087523257095 0.41703684736700619 0.17803024190281511 0.12367599198594689 0.18941343076229095 0.17553908318281172 -0.0152680792258336 -0.012543173137896076 0.32617965632135215 -0.13301522193476556 0.038505176209797293 -0.22317830495742144
leaf_weight=190 140 69 63 34 218 144 25 32 26 334 55 32 59 181
leaf_count=190 140 69 63 34 218 144 25 32 26 334 55 32 59 181
internal_value=-3.77534e-10 0.0798704 0.0385081 0.175886 0.0971523 0.150812 -0.0193024 0.0116381 0.157433 -0.0324457 0.235762 -0.237629 0.0989219 -0.246653
internal_weight=1602 1199 838 361 416 327 422 172 244 397 124 403 203 371
internal_count=1602 1199 838 361 416 327 422 172 244 397 124 403 203 371
is_linear=0
shrinkage=0.03


Tree=28
num_leaves=15
num_cat=0
split_feature=9 6 8 9 8 8 7 8 6 8 7 9 3 9
split_gain=29561.2 5079.72 3133.36 2840.66 2112.49 1194.76 1439.31 1048.7 970.065 888.88 850.24 708.62 683.242 252.99
threshold=174.00000000000003 28.500000000000004 2.1125000000000003 1488.0000000000002 2.3693181818181821 4.2678571428571432 6.1000000000000005 1.0729166666666667 21.500000000000004 4.154761904761906 2.0750000000000006 558.00000000000011 3.5000000000000004 126.00000000000001
decision_type=2 2 2 2 2 2 2 2 2 2 2 2 2 2
left_child=7 2 8 5 -4 6 -3 -1 -2 10 -5 -6 -7 -9
right_child=1 3 4 9 11 12 -8 13 -10 -11 -12 -13 -14 -15
leaf_value=-0.24219993104628465 -0.21130057817155665 0.089235102923175033 0.32861667297103192 0.34944224065169693 -0.012647634128819113 0.066243864531102384 -0.14129412229244526 -0.18154373404513136 -0.031835583743193875 0.4481915302787508 0.15062163030310555 0.073542276517088917 0.19962916175452924 -0.080547721361627383
leaf_weight=327 66 390 22 32 194 46 26 41 46 21 49 154 139 49
leaf_count=327 66 390 22 32 194 46 26 41 46 21 49 154 139 49
internal_value=2.4725e-10 0.0764468 0.00143394 0.127878 0.0435174 0.103034 0.074827 -0.217241 -0.137592 0.274261 0.229168 0.0254939 0.166463 -0.126557
internal_weight=1602 1185 482 703 370 601 416 417 112 102 81 348 185 90
internal_count=1602 1185 482 703 370 601 416 417 112 102 81 348 185 90
is_linear=0
shrinkage=0.03


Tree=29
num_leaves=15
num_cat=0
split_feature=4 1 6 8 4 4 8 6 0 0 7 4 3 0
split_gain=29999.6 4097.15 3000.08 2547.13 2476.58 1547.4 1279.77 1247.01 1288.12 1242.92 1203.08 909.809 869.377 689.612
threshold=10.500000000000002 1.0000000180025095e-35 32.500000000000007 2.3038461538461541 23.500000000000004 39.500000000000007 4.4642857142857153 41.500000000000007 54.000000000000007 30.000000000000004 5.4500000000000011 37.500000000000007 11.500000000000002 30.000000000000004
decision_type=2 2 2 2 2 2 2 2 2 2 2 2 2 2
left_child=3 2 9 -1 7 12 -5 8 -3 -2 -11 13 -4 -6
right_child=1 4 5 6 11 -7 -8 -9 -10 10 -12 -13 -14 -15
leaf_value=-0.22548106336360454 -0.00037092457008030676 -0.023922397787583635 0.16506145756758217 0.078471131119877094 0.13475188204604718 0.4759249808192253 -0.1547459461092949 -0.20565434855633768 0.15060253635048865 0.090752949983316664 0.30298140907287596 0.24423753711017401 0.29499600929673758 0.024546473880404047
leaf_weight=409 108 282 168 40 108 20 45 29 44 121 30 37 64 97
leaf_count=409 108 282 168 40 108 20 45 29 44 121 30 37 64 97
internal_value=3.86472e-10 0.0866845 0.149039 -0.194426 0.0333123 0.222732 -0.0449967 -0.0171368 -0.000366885 0.0773378 0.132918 0.107318 0.200905 0.0826059
internal_weight=1602 1108 511 494 597 252 85 355 326 259 151 242 232 205
internal_count=1602 1108 511 494 597 252 85 355 326 259 151 242 232 205
is_linear=0
shrinkage=0.03


Tree=30
num_leaves=15
num_cat=0
split_feature=4 9 4 1 9 4 9 7 8 8 4 1 8 6
split_gain=28321.9 4520.99 3091.56 1945 1300.02 977.465 956.751 669.339 557.874 731.547 492.891 488.074 458.229 345.558
threshold=7.5000000000000009 1194.0000000000002 23.500000000000004 1.0000000180025095e-35 450.00000000000006 31.500000000000004 1938.0000000000002 1.4772727272727275 3.3541666666666674 4.0714285714285721 21.500000000000004 1.0000000180025095e-35 4.8166666666666673 4.5000000000000009
decision_type=2 2 2 2 2 2 2 2 2 2 2 2 2 2
left_child=13 2 3 4 -2 11 8 -5 10 -10 -3 -4 -7 -1
right_child=1 6 5 7 -6 12 -8 -9 9 -11 -12 -13 -14 -15
leaf_value=-0.24698796627552883 0.0041371154393200858 0.33701598579780412 0.16389314911538555 -0.14256717769801616 0.12156059468954296 0.14084017265133741 0.3331586523535775 -0.019115467460109638 0.0056379572628065941 0.18604178058288312 0.17226321340961889 0.063005257317612709 0.27876788583786588 -0.1913376433244893
leaf_weight=190 163 26 62 45 177 41 41 325 32 55 44 142 46 213
leaf_count=190 163 26 62 45 177 41 41 325 32 55 44 142 46 213
internal_value=-3.25544e-10 0.0731298 0.0472212 0.0134683 0.0652664 0.129574 0.204112 -0.0341299 0.170412 0.119686 0.233457 0.0936673 0.213767 -0.217575
internal_weight=1602 1199 1001 710 340 291 198 370 157 87 70 204 87 403
internal_count=1602 1199 1001 710 340 291 198 370 157 87 70 204 87 403
is_linear=0
shrinkage=0.03


Tree=31
num_leaves=15
num_cat=0
split_feature=9 9 3 1 6 7 7 3 3 8 9 8 9 9
split_gain=24865.3 4319.2 3084.31 2075.4 2108.33 1124.47 903.998 904.914 886.983 850.819 541.131 339.123 201.325 75.1052
threshold=174.00000000000003 1194.0000000000002 1.0000000180025095e-35 1.0000000180025095e-35 31.500000000000004 1.7071428571428573 1.9351851851851853 9.5000000000000018 1.0000000180025095e-35 2.2361111111111116 1860.0000000000002 1.1388888888888891 138.00000000000003 18.000000000000004
decision_type=2 2 2 2 2 2 2 2 2 2 2 2 2 2
left_child=8 2 -2 4 -4 -5 10 9 13 -8 -3 -10 -13 -1
right_child=1 6 3 5 -6 -7 7 -9 11 -11 -12 12 -14 -15
leaf_value=-0.24527279511897151 -0.22056301625151384 0.22617544888385704 0.050745964553435233 -0.09941809893501076 0.19023737125788573 0.032717195157560386 0.37200995090603828 -0.016007754206657409 -0.18351518029500455 0.15899119748733936 0.43048989146947858 -0.14381994999743797 -0.043450593096869335 -0.21163379243304653
leaf_weight=167 38 28 245 66 162 476 20 22 85 108 20 37 35 93
leaf_count=167 38 28 245 66 162 476 20 22 85 108 20 37 35 93
internal_value=4.02579e-10 0.0701126 0.0444596 0.0550717 0.106268 0.0166269 0.197989 0.161727 -0.199241 0.192275 0.311306 -0.142936 -0.0950293 -0.23324
internal_weight=1602 1185 987 949 407 542 198 150 417 128 48 157 72 260
internal_count=1602 1185 987 949 407 542 198 150 417 128 48 157 72 260
is_linear=0
shrinkage=0.03


Tree=32
num_leaves=15
num_cat=0
split_feature=4 9 4 1 8 8 3 4 4 0 1 1 1 6
split_gain=25182.4 3578.22 2730.56 2324.33 2155.37 1198.31 1042.7 773.907 739.504 642.5 604.613 320.671 310.549 280.193
threshold=10.500000000000002 1488.0000000000002 31.500000000000004 1.0000000180025095e-35 2.3038461538461541 4.4642857142857153 11.500000000000002 23.500000000000004 35.500000000000007 90.000000000000014 1.0000000180025095e-35 1.0000000180025095e-35 1.0000000180025095e-35 6.5000000000000009
decision_type=2 2 2 2 2 2 2 2 2 2 2 2 2 2
left_child=4 2 3 6 13 12 -2 -5 9 11 -4 -3 -6 -1
right_child=1 8 10 7 5 -7 -8 -9 -10 -11 -12 -13 -14 -15
leaf_value=-0.22691264894677371 0.081536362415755528 0.20098978306543319 0.30045369238282243 -0.02540542359768817 0.16238913542032241 -0.14687356424331666 0.24679253683278435 0.057209837254494023 0.40681487694382668 0.3419477138571117 0.15240903036296366 0.057564771987497806 -0.0047917729765176772 -0.17619605856399093
leaf_weight=246 359 47 36 339 20 45 38 146 20 23 80 20 20 163
leaf_count=246 359 47 36 339 20 45 38 146 20 23 80 20 20 163
internal_value=8.57532e-10 0.0794204 0.061522 0.0435259 -0.178133 -0.0406749 0.0973543 -0.000535675 0.241808 0.20514 0.198354 0.158176 0.0787987 -0.2067
internal_weight=1602 1108 998 882 494 85 397 485 110 90 116 67 40 409
internal_count=1602 1108 998 882 494 85 397 485 110 90 116 67 40 409
is_linear=0
shrinkage=0.03


Tree=33
num_leaves=15
num_cat=0
split_feature=4 4 9 4 3 7 9 8 4 8 9 4 3 8
split_gain=23722.8 3891.45 2326.88 2032.11 1185.02 1321.5 937.203 806.017 601.44 505.386 440.904 365.502 307.016 232.235
threshold=7.5000000000000009 24.500000000000004 510.00000000000006 41.500000000000007 3.5000000000000004 4.7083333333333348 1416.0000000000002 1.2565789473684212 22.500000000000004 10.750000000000002 174.00000000000003 21.500000000000004 1.0000000180025095e-35 1.3818181818181821
decision_type=2 2 2 2 2 2 2 2 2 2 2 2 2 2
left_child=12 2 8 4 9 -6 7 -4 10 -3 -2 -8 -1 -14
right_child=1 3 6 -5 5 -7 11 -9 -10 -11 -12 -13 13 -15
leaf_value=-0.2161779491045239 -0.096050543802887633 -0.043390864632850468 -0.11976551623642444 0.44317633804678919 0.12877852536122436 0.30183717032661661 0.26119915314696052 0.076491062694680437 0.11570463453387392 0.13914739689230918 -0.011890754391574054 0.10733377695083618 -0.18086452325607869 -0.079560884122665113
leaf_weight=283 67 43 20 20 230 48 33 323 29 20 342 24 94 26
leaf_count=283 67 43 20 20 230 48 33 323 29 20 342 24 94 26
internal_value=2.18216e-10 0.0669293 0.0314562 0.149274 0.132036 0.158659 0.0837672 0.0650475 -0.0163164 0.0145578 -0.0256773 0.196414 -0.199127 -0.158915
internal_weight=1602 1199 838 361 341 278 400 343 438 63 409 57 403 120
internal_count=1602 1199 838 361 341 278 400 343 438 63 409 57 403 120
is_linear=0
shrinkage=0.03


Tree=34
num_leaves=15
num_cat=0
split_feature=4 1 6 8 4 4 9 7 7 6 9 9 7 4
split_gain=22354.6 3287.27 2360.54 1926.25 1901.41 1332.44 1187.69 1363.65 1120.44 1111.78 962.681 956.486 776.452 740.182
threshold=10.500000000000002 1.0000000180025095e-35 32.500000000000007 2.3038461538461541 23.500000000000004 39.500000000000007 450.00000000000006 6.291666666666667 2.9615384615384621 41.500000000000007 330.00000000000006 894.00000000000011 2.0750000000000006 37.500000000000007
decision_type=2 2 2 2 2 2 2 2 2 2 2 2 2 2
left_child=3 2 6 -1 9 12 -2 -8 10 11 -5 -3 -4 -6
right_child=1 4 5 8 13 -7 7 -9 -10 -11 -12 -13 -14 -15
leaf_value=-0.19484023098257758 -0.010101887440344072 -0.022176532641585384 0.24864482815776554 -0.064621750725941229 0.069576954513788217 0.43099837084114551 0.082880291921014967 0.33348153946354336 -0.1455326158778612 -0.19518586911132621 0.22295957905054092 0.12543200274848421 0.13444853176126836 0.2153645172715187
leaf_weight=409 106 280 84 22 205 20 130 23 43 29 20 46 148 37
leaf_count=409 106 280 84 22 205 20 130 23 43 29 20 46 148 37
internal_value=4.23726e-10 0.0748286 0.130681 -0.167834 0.0270215 0.19605 0.06708 0.120552 -0.0378869 -0.0171829 0.0723217 -0.00134833 0.175795 0.0918668
internal_weight=1602 1108 511 494 597 252 259 153 85 355 42 326 232 242
internal_count=1602 1108 511 494 597 252 259 153 85 355 42 326 232 242
is_linear=0
shrinkage=0.03


Tree=35
num_leaves=15
num_cat=0
split_feature=4 9 4 1 9 4 7 8 1 0 3 8 8 4
split_gain=21070 3507.25 2632.19 2031.96 1408.45 772.202 706.747 702.275 536.054 407.233 278.572 266.182 197.358 105.22
threshold=7.5000000000000009 1488.0000000000002 31.500000000000004 1.0000000180025095e-35 450.00000000000006 23.500000000000004 2.0750000000000006 4.9375000000000009 1.0000000180025095e-35 78.000000000000014 1.0000000180025095e-35 4.8166666666666673 1.3818181818181821 1.5000000000000002
decision_type=2 2 2 2 2 2 2 2 2 2 2 2 2 2
left_child=10 2 3 4 -2 -5 -3 9 -4 -8 13 -10 -12 -1
right_child=1 6 8 5 -6 -7 7 -9 11 -11 12 -13 -14 -15
leaf_value=-0.2164984535460826 0.017203414072644526 0.33354048475623133 0.27798668142097688 -0.031299408898048567 0.12508452059447767 0.049756132240266829 0.043249434540348672 0.31829876482486724 0.081057638855356912 0.21201677889647808 -0.16959338006821084 0.19063959209248424 -0.076205910607599292 -0.17733390436067686
leaf_weight=192 193 36 36 384 250 146 31 21 38 22 94 42 26 91
leaf_count=192 193 36 36 384 250 146 31 21 38 22 94 42 26 91
internal_value=-1.01776e-09 0.0630761 0.0467689 0.0306648 0.0780844 -0.0089709 0.224517 0.171478 0.18185 0.113304 -0.187663 0.138588 -0.149359 -0.203905
internal_weight=1602 1199 1089 973 443 530 110 74 116 53 403 80 120 283
internal_count=1602 1199 1089 973 443 530 110 74 116 53 403 80 120 283
is_linear=0
shrinkage=0.03


Tree=36
num_leaves=15
num_cat=0
split_feature=4 9 4 8 8 9 8 8 8 8 8 2 3 7
split_gain=19873.8 2960.75 2149.1 1709.93 1051.4 929.527 779.783 759.929 658.54 496.584 239.447 281.192 220.974 220.294
threshold=10.500000000000002 1524.0000000000002 31.500000000000004 2.3038461538461541 4.4642857142857153 270.00000000000006 1.196172248803828 4.154761904761906 3.4365079365079372 2.5857142857142863 4.8166666666666673 10.500000000000002 1.0000000180025095e-35 6.291666666666667
decision_type=2 2 2 2 2 2 2 2 2 2 2 2 2 2
left_child=3 2 5 12 -5 -2 -7 8 9 -3 11 -4 -1 -12
right_child=1 7 10 4 -6 6 -8 -9 -10 -11 13 -13 -14 -15
leaf_value=-0.19899939643947975 -0.025157635409723628 0.15653875661844555 0.056694771587848664 0.076096911242231724 -0.13529049527645109 -0.078554593720718435 0.061052307148431489 0.37218647219240664 0.035530312657356261 0.33588507650420069 0.2648306476821502 0.19292500680685043 -0.15192624023534301 0.14890854592323302
leaf_weight=276 165 33 25 40 45 38 687 24 21 24 36 30 133 25
leaf_count=276 165 33 25 40 45 38 687 24 21 24 36 30 133 25
internal_value=3.50877e-10 0.0705543 0.054939 -0.158247 -0.0358141 0.0391088 0.053735 0.224565 0.179143 0.232053 0.176394 0.131002 -0.183692 0.217322
internal_weight=1602 1108 1006 494 85 890 725 102 78 57 116 55 409 61
internal_count=1602 1108 1006 494 85 890 725 102 78 57 116 55 409 61
is_linear=0
shrinkage=0.03


Tree=37
num_leaves=15
num_cat=0
split_feature=4 4 1 4 9 1 7 0 3 7 6 4 3 4
split_gain=18706.4 3121.73 2041.57 1761.41 1439.52 1405.91 1081.03 819.254 816.554 804.957 796.242 618.719 239.749 164.111
threshold=7.5000000000000009 24.500000000000004 1.0000000180025095e-35 41.500000000000007 450.00000000000006 1.0000000180025095e-35 6.291666666666667 78.000000000000014 3.5000000000000004 2.5227272727272729 32.500000000000007 11.500000000000002 1.0000000180025095e-35 6.5000000000000009
decision_type=2 2 2 2 2 2 2 2 2 2 2 2 2 2
left_child=12 2 4 5 10 9 -6 11 -7 -3 -2 -4 -1 -14
right_child=1 3 7 -5 6 8 -8 -9 -10 -11 -12 -13 13 -15
leaf_value=-0.19189205907469503 -0.022504698285034725 0.31894782332813038 -0.11555277607980229 0.40681357799470419 0.1013068814629613 -0.053620133891701692 0.31741723832876784 0.1477410687804222 0.097287346762632884 0.14997354871630669 0.1433657345920801 -0.013053744663846885 -0.15974106487124526 -0.074582100943304031
leaf_weight=283 140 34 63 20 221 40 23 25 167 100 32 334 94 26
leaf_count=283 140 34 63 20 221 40 23 25 167 100 32 334 94 26
internal_value=4.23525e-10 0.0594331 0.0276614 0.133186 0.0748232 0.117137 0.121678 -0.01883 0.0681265 0.192848 0.00835492 -0.0293193 -0.176824 -0.14129
internal_weight=1602 1199 838 361 416 341 244 422 207 134 172 397 403 120
internal_count=1602 1199 838 361 416 341 244 422 207 134 172 397 403 120
is_linear=0
shrinkage=0.03


Tree=38
num_leaves=15
num_cat=0
split_feature=4 1 3 4 4 4 6 2 0 2 3 7 2 7
split_gain=17602.9 2751.23 2066.8 1528.74 1360.36 1206.86 1033.66 987.398 894.888 869.836 651.685 1069.74 791.77 507.41
threshold=10.500000000000002 1.0000000180025095e-35 11.500000000000002 23.500000000000004 6.5000000000000009 30.500000000000004 41.500000000000007 12.500000000000002 54.000000000000007 9.5000000000000018 3.5000000000000004 4.6333333333333337 2.5000000000000004 2.9615384615384621
decision_type=2 2 2 2 2 2 2 2 2 2 2 2 2 2
left_child=4 2 5 6 -1 9 8 -4 -3 -2 12 -12 -5 -6
right_child=1 3 7 10 13 -7 -8 -9 -10 -11 11 -13 -14 -15
leaf_value=-0.17759690996570729 0.092854704266533375 -0.021336661475373709 0.32867513771490614 0.10918689364736729 -0.011188870559756954 0.26918801070889459 -0.18860634055630915 0.094592418338617548 0.12413000439039686 -0.05143663104091372 0.069169853810543344 0.24306840848922728 -0.13997566491365432 -0.13486961842788492
leaf_weight=371 359 282 55 22 72 32 29 23 44 42 156 40 24 51
leaf_count=371 359 282 55 22 72 32 29 23 44 42 156 40 24 51
internal_value=-5.826e-10 0.0664011 0.117498 0.0226652 -0.148932 0.0918903 -0.0169713 0.259651 -0.00170312 0.0777419 0.0808096 0.104659 -0.020811 -0.0624711
internal_weight=1602 1108 511 597 494 433 355 78 326 401 242 196 46 123
internal_count=1602 1108 511 597 494 433 355 78 326 401 242 196 46 123
is_linear=0
shrinkage=0.03


Tree=39
num_leaves=15
num_cat=0
split_feature=9 6 1 8 8 7 8 7 8 0 7 6 6 9
split_gain=15725.2 2957.52 2429.28 2042.46 1863.74 1480.7 1172.26 1225.68 806.802 765.602 671.244 589.441 532.535 456.202
threshold=174.00000000000003 28.500000000000004 1.0000000180025095e-35 2.1125000000000003 2.3693181818181821 1.7071428571428573 4.154761904761906 3.3666666666666671 1.4580419580419581 30.000000000000004 6.6333333333333337 40.500000000000007 21.500000000000004 102.00000000000001
decision_type=2 2 2 2 2 2 2 2 2 2 2 2 2 2
left_child=13 3 6 12 -5 11 7 -3 -7 -8 -6 -4 -2 -1
right_child=1 2 5 4 10 8 9 -9 -10 -11 -12 -13 -14 -15
leaf_value=-0.17641703808858136 -0.16833806292577222 0.17417531499458419 0.014866730950095436 0.30028418118303468 -0.0062713896806587234 0.25356653036177157 0.18064788946072044 0.026933032485910436 0.057267062089697347 0.3717282532341778 0.095058886903524389 -0.18957572504878042 -0.03536817342366861 -0.10365843337408981
leaf_weight=314 66 150 22 22 273 20 46 77 326 32 75 30 46 103
leaf_count=314 66 150 22 22 273 20 46 77 326 32 75 30 46 103
internal_value=-4.11835e-10 0.0557568 0.0950006 -0.00148064 0.0324962 0.0461814 0.158706 0.12423 0.0686139 0.25904 0.015567 -0.103081 -0.113725 -0.158445
internal_weight=1602 1185 703 482 370 398 305 227 346 78 348 52 112 417
internal_count=1602 1185 703 482 370 398 305 227 346 78 348 52 112 417
is_linear=0
shrinkage=0.03


Tree=40
num_leaves=15
num_cat=0
split_feature=4 9 4 1 9 8 4 8 7 1 8 3 8 4
split_gain=15658.9 2823.13 2043.46 1563.05 1108.3 664.811 607.831 604.891 435.06 406.715 226.99 209.13 136.772 92.4161
threshold=7.5000000000000009 1524.0000000000002 31.500000000000004 1.0000000180025095e-35 450.00000000000006 4.154761904761906 14.500000000000002 3.4365079365079372 2.1339285714285716 1.0000000180025095e-35 4.8166666666666673 1.0000000180025095e-35 1.3818181818181821 1.5000000000000002
decision_type=2 2 2 2 2 2 2 2 2 2 2 2 2 2
left_child=11 2 3 4 -2 7 -5 8 -3 -4 -11 13 -13 -1
right_child=1 5 9 6 -6 -7 -8 -9 -10 10 -12 12 -14 -15
leaf_value=-0.18765633722767233 0.013066414177340547 0.30406860477076125 0.24315071153144038 -0.06412432127877285 0.10819496288199833 0.34341717317700388 0.0099542218596491983 0.02522028457905565 0.13766393541328367 0.068601656391432411 0.16979526804494005 -0.14543769752725641 -0.067694919780613136 -0.15095203533277407
leaf_weight=192 193 26 36 133 257 24 398 21 31 38 42 94 26 91
leaf_count=192 193 26 36 133 257 24 398 21 31 38 42 94 26 91
internal_value=-5.04205e-10 0.0543769 0.0403399 0.0262601 0.0673954 0.205343 -0.00860029 0.162859 0.213568 0.159411 0.121728 -0.161781 -0.128593 -0.175854
internal_weight=1602 1199 1097 981 450 102 531 78 57 116 80 403 120 283
internal_count=1602 1199 1097 981 450 102 531 78 57 116 80 403 120 283
is_linear=0
shrinkage=0.03


Tree=41
num_leaves=15
num_cat=0
split_feature=9 9 3 6 1 6 7 8 8 8 3 8 3 2
split_gain=13999.7 2247.65 1880.25 1871.28 1658.36 1034.23 775.718 625.521 569.142 429.579 263.218 142.045 138.49 131.933
threshold=258.00000000000006 1524.0000000000002 1.0000000180025095e-35 15.500000000000002 1.0000000180025095e-35 31.500000000000004 1.7071428571428573 4.154761904761906 3.4365079365079372 2.5857142857142863 1.0000000180025095e-35 1.6833333333333336 6.5000000000000009 6.5000000000000009
decision_type=2 2 2 2 2 2 2 2 2 2 2 2 2 2
left_child=3 2 -2 10 5 -4 -6 8 9 -3 -1 12 -5 -12
right_child=1 7 4 11 6 -7 -8 -9 -10 -11 13 -13 -14 -15
leaf_value=-0.17086623078823959 -0.22318790592930532 0.13692573046142403 0.058627332338941428 -0.022163900988442557 -0.089122740810408316 0.1556238028552869 0.034140226230314326 0.333114665299654 0.024463674915688377 0.303733984567225 -0.10565423304079608 -0.014328449060563492 -0.12872107728667881 -0.18328749872744082
leaf_weight=274 22 33 214 21 51 184 464 24 21 24 110 113 23 24
leaf_count=274 22 33 214 21 51 184 464 24 21 24 110 113 23 24
internal_value=-1.88427e-10 0.0654613 0.0508735 -0.120148 0.0574774 0.10347 0.0219336 0.199183 0.157973 0.207161 -0.154015 -0.0321347 -0.0778642 -0.119559
internal_weight=1602 1037 935 565 913 398 515 102 78 57 408 157 44 134
internal_count=1602 1037 935 565 913 398 515 102 78 57 408 157 44 134
is_linear=0
shrinkage=0.03


Tree=42
num_leaves=15
num_cat=0
split_feature=4 4 1 9 4 4 6 6 3 0 6 3 2 6
split_gain=13889.6 2317.32 1999.82 1296.79 1045.86 961.005 907.185 756.746 611.61 571.733 348.577 222.887 476.034 127.542
threshold=10.500000000000002 40.500000000000007 1.0000000180025095e-35 594.00000000000011 6.5000000000000009 23.500000000000004 41.500000000000007 34.500000000000007 13.500000000000002 30.000000000000004 11.500000000000002 2.5000000000000004 2.5000000000000004 4.5000000000000009
decision_type=2 2 2 2 2 2 2 2 2 2 2 2 2 2
left_child=4 2 3 7 13 6 -4 -2 -5 -7 -6 -12 -13 -1
right_child=1 -3 5 8 10 9 -8 -9 -10 -11 11 12 -14 -15
leaf_value=-0.17459663940103431 0.0054341842950351776 0.30282455103362305 -0.0029557534787186812 0.12293141375297285 0.04106368420215753 0.10672272464632988 -0.17805143648116237 0.12547487726763767 0.26074682316996833 0.010865697141204561 -0.13254106915809891 0.043759867506367817 -0.13634658672809599 -0.13940664758092788
leaf_weight=190 155 34 326 238 26 120 29 68 33 105 44 28 25 181
leaf_count=190 155 34 326 238 26 120 29 68 33 105 44 28 25 181
internal_value=8.00192e-11 0.0589833 0.0512639 0.0956213 -0.132295 0.0134837 -0.0172593 0.0420385 0.139713 0.0619894 -0.0564841 -0.0826309 -0.041196 -0.157428
internal_weight=1602 1108 1074 494 494 580 355 223 271 225 123 97 53 371
internal_count=1602 1108 1074 494 494 580 355 223 271 225 123 97 53 371
is_linear=0
shrinkage=0.03


Tree=43
num_leaves=15
num_cat=0
split_feature=4 9 4 1 3 4 4 4 1 0 6 0 2 6
split_gain=13089.2 2421.45 1801.53 1324.24 1015.97 535.266 457.624 586.595 342.267 309.855 183.723 177.202 93.9176 75.919
threshold=7.5000000000000009 1524.0000000000002 31.500000000000004 1.0000000180025095e-35 11.500000000000002 14.500000000000002 35.500000000000007 26.500000000000004 1.0000000180025095e-35 90.000000000000014 4.5000000000000009 30.000000000000004 7.5000000000000009 9.5000000000000018
decision_type=2 2 2 2 2 2 2 2 2 2 2 2 2 2
left_child=10 2 3 4 -2 -5 7 9 -4 -3 -1 -10 13 -12
right_child=1 6 8 5 -6 -7 -8 -9 11 -11 12 -13 -14 -15
leaf_value=-0.16935874822892641 0.047085692419108087 0.15945752641872354 0.22533486932516097 -0.060696436575704948 0.20373019776307047 0.0088197678374360555 0.31819685053825381 0.033411450991407035 0.14761586097288221 0.30534155873581764 -0.13260067598373579 0.054737046977569315 -0.17448888317627065 -0.089565899953819236
leaf_weight=190 409 38 36 133 41 398 20 24 51 20 127 29 34 52
leaf_count=190 409 38 36 133 41 398 20 24 51 20 127 29 34 52
internal_value=-8.83727e-10 0.0497152 0.0367151 0.023495 0.0613577 -0.00859201 0.18953 0.158147 0.148516 0.209762 -0.147912 0.113947 -0.128781 -0.120099
internal_weight=1602 1199 1097 981 450 531 102 82 116 58 403 80 213 179
internal_count=1602 1199 1097 981 450 531 102 82 116 58 403 80 213 179
is_linear=0
shrinkage=0.03


Tree=44
num_leaves=15
num_cat=0
split_feature=4 4 1 9 8 8 4 6 6 8 0 1 6 8
split_gain=12335.1 2091.06 1784.3 1192.82 1135.94 910.278 874.796 854.883 690.598 601.141 529.734 230.206 141.353 128.98
threshold=10.500000000000002 40.500000000000007 1.0000000180025095e-35 606.00000000000011 2.3038461538461541 4.4642857142857153 23.500000000000004 41.500000000000007 34.500000000000007 1.6833333333333336 30.000000000000004 1.0000000180025095e-35 5.5000000000000009 1.4807692307692311
decision_type=2 2 2 2 2 2 2 2 2 2 2 2 2 2
left_child=4 2 3 8 12 11 7 -4 -2 -5 -8 -6 -1 -14
right_child=1 -3 6 9 5 -7 10 -9 -10 -11 -12 -13 13 -15
leaf_value=-0.16096892526097917 0.0038585883090572972 0.28721577007980909 -0.0028812892611589898 -0.021331570574215478 0.15121802893280983 -0.1174412871201833 0.10190318983048199 -0.1728546748336019 0.11738849767403942 0.14583531764387564 0.0096340735724994107 0.0072787302955985072 -0.11445253017080935 -0.18455622959349838
leaf_weight=230 155 34 326 21 20 45 120 29 70 248 105 20 151 28
leaf_count=230 155 34 326 21 20 45 120 29 70 248 105 20 151 28
internal_value=3.78655e-10 0.0555846 0.0482517 0.0901508 -0.124671 -0.0248814 0.0125653 -0.0167664 0.039179 0.132785 0.0588443 0.0792484 -0.14541 -0.125418
internal_weight=1602 1108 1074 494 494 85 580 355 225 269 225 40 409 179
internal_count=1602 1108 1074 494 494 85 580 355 225 269 225 40 409 179
is_linear=0
shrinkage=0.03


Tree=45
num_leaves=15
num_cat=0
split_feature=4 3 6 0 8 7 0 6 7 6 2 3 8 8
split_gain=11636.2 2118.1 1567.94 1265.57 1252.81 1142.22 960.912 743.069 213.263 159.573 87.7781 64.8739 55.9666 31.1824
threshold=7.5000000000000009 19.000000000000004 28.500000000000004 78.000000000000014 4.0714285714285721 6.291666666666667 30.000000000000004 17.500000000000004 3.3666666666666671 4.5000000000000009 7.5000000000000009 1.0000000180025095e-35 0.45000000000000007 0.2678571428571429
decision_type=2 2 2 2 2 2 2 2 2 2 2 2 2 2
left_child=9 2 5 4 -4 7 -7 -2 -5 -1 11 13 -13 -11
right_child=1 -3 3 8 -6 6 -8 -9 -10 10 -12 12 -14 -15
leaf_value=-0.15944891048105139 0.034899395270539181 0.32011789577007294 0.030721561309078643 0.29012506313945935 0.12009089818554061 -0.0012062933063134551 0.18962749079186866 -0.052338119798760616 0.15617753760516642 -0.15925565700531005 -0.16582064125467746 -0.051879545620509553 -0.10821328513438884 -0.12007305326268954
leaf_weight=190 133 25 435 23 209 48 47 259 20 25 34 21 65 68
leaf_count=190 133 25 435 23 209 48 47 259 20 25 34 21 65 68
internal_value=1.17096e-10 0.0468748 0.0410562 0.0702464 0.059725 -0.000121896 0.0932062 -0.0227397 0.227824 -0.139461 -0.121632 -0.113239 -0.0944574 -0.130606
internal_weight=1602 1199 1174 687 644 487 95 392 43 403 213 179 86 93
internal_count=1602 1199 1174 687 644 487 95 392 43 403 213 179 86 93
is_linear=0
shrinkage=0.03


Tree=46
num_leaves=15
num_cat=0
split_feature=9 3 7 3 8 1 9 3 7 9 7 8 3 8
split_gain=10622.9 1834.56 1942.4 1662.73 1480.93 1310.41 1238.72 721.116 682.252 511.097 423.497 278.551 138.23 164.322
threshold=258.00000000000006 3.5000000000000004 4.7083333333333348 19.000000000000004 1.7596153846153848 1.0000000180025095e-35 126.00000000000001 2.5000000000000004 3.9375000000000004 558.00000000000011 5.2678571428571432 1.6833333333333336 4.5000000000000009 3.1547619047619051
decision_type=2 2 2 2 2 2 2 2 2 2 2 2 2 2
left_child=6 4 3 5 -2 -3 -1 9 -9 -6 -4 -8 -13 -14
right_child=1 2 10 -5 7 -7 11 8 -10 -11 -12 12 13 -15
leaf_value=-0.13947414960935711 -0.16386319309473038 0.10971173784839656 0.33308682394438777 0.31051436043977737 0.007344445288181305 0.01905644523658263 -0.095118402605121194 0.086433476709550414 -0.07747233132574835 0.10021678164123725 0.17231395554542542 -0.044249010625830358 0.067040865090158247 -0.046413328662514686
leaf_weight=350 42 265 29 25 98 313 74 31 87 117 30 94 27 20
leaf_count=350 42 265 29 25 98 313 74 31 87 117 30 94 27 20
internal_value=-6.09947e-10 0.0570225 0.0870545 0.0709803 0.00400589 0.0606199 -0.104659 0.0251786 -0.0344123 0.0578843 0.251338 -0.0479829 -0.0232452 0.0187625
internal_weight=1602 1037 662 603 375 578 565 333 118 215 59 215 141 47
internal_count=1602 1037 662 603 375 578 565 333 118 215 59 215 141 47
is_linear=0
shrinkage=0.03


Tree=47
num_leaves=15
num_cat=0
split_feature=9 3 1 6 3 2 7 3 7 6 3 3 3 8
split_gain=9995.06 1737.79 1951.59 1267.26 1135.44 1115.42 947.997 1166.48 846.742 511.353 224.356 146.221 517.994 231.628
threshold=258.00000000000006 1.0000000180025095e-35 1.0000000180025095e-35 16.500000000000004 11.500000000000002 12.500000000000002 1.7071428571428573 3.5000000000000004 5.154761904761906 40.500000000000007 1.0000000180025095e-35 7.5000000000000009 5.5000000000000009 3.7750000000000004
decision_type=2 2 2 2 2 2 2 2 2 2 2 2 2 2
left_child=3 -2 4 10 8 -6 9 -8 -3 -4 -1 12 13 -5
right_child=1 2 6 11 5 -7 7 -9 -10 -11 -12 -13 -14 -15
leaf_value=-0.14401222443905742 -0.20847449492324482 0.061618145912469023 -0.0031283364731531879 -0.078543557511785864 0.28744031768924788 0.03333047247745774 -0.02488664496116913 0.070737660702189176 0.16637608903894821 -0.18953051327831213 -0.097684239447637863 -0.071534195975823833 0.12674205694879803 0.026135995268821717
leaf_weight=275 22 304 26 52 53 22 182 311 90 27 143 44 21 30
leaf_count=275 22 304 26 52 53 22 182 311 90 27 143 44 21 30
internal_value=4.25679e-10 0.0553118 0.0610293 -0.101519 0.105913 0.212901 0.0224751 0.0354362 0.0855476 -0.0980879 -0.128163 -0.0257558 -0.00620002 -0.0402462
internal_weight=1602 1037 1015 565 469 75 546 493 394 53 418 147 103 82
internal_count=1602 1037 1015 565 469 75 546 493 394 53 418 147 103 82
is_linear=0
shrinkage=0.03


Tree=48
num_leaves=15
num_cat=0
split_feature=4 4 1 3 9 7 3 4 6 7 6 9 6 6
split_gain=9777.89 1861.67 1709.59 1186.33 1009.81 792.397 810.793 700.969 632.489 446.428 429.4 595.77 93.2535 91.9986
threshold=10.500000000000002 41.500000000000007 1.0000000180025095e-35 11.500000000000002 438.00000000000006 1.4772727272727275 3.5000000000000004 6.5000000000000009 49.500000000000007 2.9615384615384621 17.500000000000004 354.00000000000006 3.5000000000000004 41.500000000000007
decision_type=2 2 2 2 2 2 2 2 2 2 2 2 2 2
left_child=7 2 3 4 -2 13 -7 12 -5 10 11 -9 -1 -4
right_child=1 -3 5 8 -6 6 -8 9 -10 -11 -12 -13 -14 -15
leaf_value=-0.15024714706695241 0.0013709828002403861 0.33630394904315469 -0.07409290422499179 0.30449923500932491 0.098511450291074845 -0.029466487355717459 0.046573075808260748 -0.036179265826339686 0.12560324662405511 -0.11684347253511933 -0.11500526232378823 0.173835572630167 -0.11945973935723304 -0.1650867382697761
leaf_weight=146 146 20 20 29 283 199 345 31 46 51 21 20 225 20
leaf_count=146 146 20 20 29 283 199 345 31 46 51 21 20 225 20
internal_value=-5.24994e-10 0.0494887 0.0442164 0.0846967 0.065452 0.00928131 0.0187571 -0.110999 0.194776 -0.0489347 -0.000832726 0.0461795 -0.131576 -0.11959
internal_weight=1602 1108 1088 504 429 584 544 494 75 123 72 51 371 40
internal_count=1602 1108 1088 504 429 584 544 494 75 123 72 51 371 40
is_linear=0
shrinkage=0.03


Tree=49
num_leaves=15
num_cat=0
split_feature=4 9 4 1 8 7 3 9 8 8 8 8 1 8
split_gain=9200.02 1758 1235.13 1012.23 870.975 800.874 713.078 707.79 546.384 525.229 456.6 343.525 256.905 194.991
threshold=10.500000000000002 1524.0000000000002 31.500000000000004 1.0000000180025095e-35 2.3038461538461541 2.9615384615384621 11.500000000000002 330.00000000000006 4.154761904761906 3.4365079365079372 1.2565789473684212 2.5857142857142863 1.0000000180025095e-35 4.8166666666666673
decision_type=2 2 2 2 2 2 2 2 2 2 2 2 2 2
left_child=4 2 3 6 -1 7 -2 -6 9 11 -5 -3 -4 -14
right_child=1 8 12 10 5 -7 -8 -9 -10 -11 -12 -13 13 -15
leaf_value=-0.12582870581832858 0.045666573611049609 0.11260881535031578 0.19460063199202218 -0.1185683163702488 -0.044535793580792161 -0.11129780568355738 0.17765478122888542 0.20205210453271866 0.29185251872404477 -9.1261693409511009e-05 0.0022587970477577885 0.26177677750587458 0.048857918962051994 0.14264801783221107
leaf_weight=409 363 33 36 30 22 43 41 20 24 21 456 24 38 42
leaf_count=409 363 33 36 30 22 43 41 20 24 21 456 24 38 42
internal_value=2.89259e-10 0.0480041 0.0359714 0.0239705 -0.107669 -0.0202888 0.0590614 0.072887 0.166679 0.128164 -0.00519967 0.175416 0.128047 0.0980977
internal_weight=1602 1108 1006 890 494 85 404 42 102 78 486 57 116 80
internal_count=1602 1108 1006 890 494 85 404 42 102 78 486 57 116 80
is_linear=0
shrinkage=0.03


Tree=50
num_leaves=15
num_cat=0
split_feature=4 9 4 1 3 8 8 4 8 1 8 6 8 3
split_gain=8678.01 1819.56 1300.62 958.744 747.614 514.093 494.188 396.634 323.223 241.722 183.467 125.759 42.8659 61.1234
threshold=7.5000000000000009 1524.0000000000002 31.500000000000004 1.0000000180025095e-35 11.500000000000002 4.154761904761906 3.4365079365079372 14.500000000000002 2.5857142857142863 1.0000000180025095e-35 4.8166666666666673 4.5000000000000009 1.3818181818181821 1.5000000000000002
decision_type=2 2 2 2 2 2 2 2 2 2 2 2 2 2
left_child=11 2 3 4 -2 6 8 -5 -3 -4 -11 -1 13 -13
right_child=1 5 9 7 -6 -7 -8 -9 -10 10 -12 12 -14 -15
leaf_value=-0.13818020825950722 0.037951975766760647 0.10923055637966503 0.18876261254151661 -0.05417617878967658 0.17232513871498223 0.28309694420546294 -8.8524307523454938e-05 0.0056644823458326518 0.25392347440123558 0.047392183354026389 0.13836857640317507 -0.10260433892134962 -0.075255906118734464 -0.14901486977213813
leaf_weight=190 409 33 36 133 41 24 21 398 24 38 42 145 37 31
leaf_count=190 409 33 36 133 41 24 21 398 24 38 42 145 37 31
internal_value=-3.79017e-10 0.0404802 0.0292111 0.0179783 0.0501949 0.161679 0.124319 -0.00932386 0.170154 0.124205 0.0951548 -0.120436 -0.104608 -0.110779
internal_weight=1602 1199 1097 981 450 102 78 531 57 116 80 403 213 176
internal_count=1602 1199 1097 981 450 102 78 531 57 116 80 403 213 176
is_linear=0
shrinkage=0.03


Tree=51
num_leaves=15
num_cat=0
split_feature=4 4 1 3 2 7 3 4 0 7 2 6 6 2
split_gain=8167.82 1651.61 1445.22 996.882 1135.69 718.885 744.182 581.916 549.79 405.04 757.998 85.7978 83.0651 51.2407
threshold=10.500000000000002 41.500000000000007 1.0000000180025095e-35 11.500000000000002 12.500000000000002 1.4772727272727275 3.5000000000000004 6.5000000000000009 78.000000000000014 2.9615384615384621 2.5000000000000004 41.500000000000007 3.5000000000000004 7.5000000000000009
decision_type=2 2 2 2 2 2 2 2 2 2 2 2 2 2
left_child=7 2 3 8 -5 11 -7 12 -2 10 -9 -4 -1 -14
right_child=1 -3 5 4 -6 6 -8 9 -10 -11 -12 -13 13 -15
leaf_value=-0.13781946427609823 0.049255346755897308 0.31538054135441779 -0.070666481405496598 0.25360522977867211 -0.0028027763420885262 -0.029030180079862473 0.043818908568471669 0.092991284147689215 0.16878288494128929 -0.1095850510281675 -0.10198883099371896 -0.15854027478396893 -0.10272220858865226 -0.14269492946126883
leaf_weight=146 391 20 20 53 22 199 345 38 38 51 34 20 191 34
leaf_count=146 391 20 20 53 22 199 345 38 38 51 34 20 191 34
internal_value=-4.0789e-10 0.045231 0.0402651 0.0774841 0.178392 0.00814449 0.0171701 -0.101449 0.0598429 -0.0449007 0.000917341 -0.114603 -0.120197 -0.108763
internal_weight=1602 1108 1088 504 75 584 544 494 429 123 72 40 371 225
internal_count=1602 1108 1088 504 75 584 544 494 429 123 72 40 371 225
is_linear=0
shrinkage=0.03


Tree=52
num_leaves=15
num_cat=0
split_feature=4 9 3 4 0 8 8 8 8 6 7 6 8 3
split_gain=7699.79 1688.45 1389.17 901.889 830.878 753.021 387.88 458.972 296.29 111.379 109.545 85.3557 35.2203 57.163
threshold=7.5000000000000009 558.00000000000011 19.000000000000004 23.500000000000004 90.000000000000014 1.3229166666666667 9.5833333333333339 7.291666666666667 4.2678571428571432 4.5000000000000009 3.7750000000000004 48.500000000000007 1.3818181818181821 1.5000000000000002
decision_type=2 2 2 2 2 2 2 2 2 2 2 2 2 2
left_child=9 3 4 6 5 -3 7 -2 11 -1 -10 -5 13 -11
right_child=1 2 -4 8 -6 -7 -8 -9 10 12 -12 -13 -14 -15
leaf_value=-0.13014404555919923 -0.016827279985670678 -0.1119399841842444 0.31808870351314539 -0.019531118233095515 0.22359918934326353 0.063225048674651729 -0.11504652623744573 0.12699608240808757 0.17696368282491509 -0.096237786507812034 0.092429620704135379 0.059433429893106217 -0.071943511141313088 -0.14111957945650622
leaf_weight=190 407 23 20 22 28 557 34 21 22 145 37 28 37 31
leaf_count=190 407 23 20 22 28 557 34 21 22 145 37 28 37 31
internal_value=3.624e-10 0.0381305 0.0720769 0.000795414 0.0639844 0.0562788 -0.0175181 -0.00977053 0.0784179 -0.113445 0.123951 0.024689 -0.0985497 -0.104143
internal_weight=1602 1199 628 571 608 580 462 428 109 403 59 50 213 176
internal_count=1602 1199 628 571 608 580 462 428 109 403 59 50 213 176
is_linear=0
shrinkage=0.03


Tree=53
num_leaves=15
num_cat=0
split_feature=4 4 1 3 2 8 8 8 7 3 1 2 4 9
split_gain=7260.92 1523 1349.95 916.888 1033.37 1022.17 692.319 725.158 667.409 692.179 183.813 100.055 76.6262 97.6072
threshold=10.500000000000002 41.500000000000007 1.0000000180025095e-35 11.500000000000002 12.500000000000002 1.5857142857142861 2.3038461538461541 4.4642857142857153 1.4772727272727275 3.5000000000000004 1.0000000180025095e-35 5.5000000000000009 8.5000000000000018 18.000000000000004
decision_type=2 2 2 2 2 2 2 2 2 2 2 2 2 2
left_child=6 2 3 5 -5 -2 11 10 -4 -10 -8 12 13 -1
right_child=1 -3 8 4 -6 -7 7 -9 9 -11 -12 -13 -14 -15
leaf_value=-0.13213569952500107 -0.10899647487748053 0.30206435814499855 -0.11143786025047302 0.24236862223173647 -0.0022172244299541819 0.069853942354523274 0.13950345647335052 -0.10036064771811166 -0.029026728413400038 0.041230976279339068 0.01088328981399536 -0.086099688082604708 -0.17717106136679647 -0.096939193796133624
leaf_weight=159 31 20 40 53 22 398 20 45 199 345 20 102 20 128
leaf_count=159 31 20 40 53 22 398 20 45 199 345 20 102 20 128
internal_value=2.04743e-10 0.0426461 0.0378774 0.0738487 0.170623 0.05693 -0.0956516 -0.017747 0.00683365 0.0155301 0.0751934 -0.111842 -0.120395 -0.116438
internal_weight=1602 1108 1088 504 75 429 494 85 584 544 40 409 307 287
internal_count=1602 1108 1088 504 75 429 494 85 584 544 40 409 307 287
is_linear=0
shrinkage=0.03


Tree=54
num_leaves=15
num_cat=0
split_feature=4 9 3 1 4 8 8 8 0 8 2 9 3 2
split_gain=6851.07 1539.66 1256.49 1038.74 813.809 648.089 365.889 433.477 300.373 279.235 145.606 95.6316 79.7226 43.8463
threshold=7.5000000000000009 558.00000000000011 19.000000000000004 1.0000000180025095e-35 23.500000000000004 1.5857142857142861 9.5833333333333339 7.291666666666667 30.000000000000004 4.2678571428571432 4.5000000000000009 18.000000000000004 11.500000000000002 3.5000000000000004
decision_type=2 2 2 2 2 2 2 2 2 2 2 2 2 2
left_child=11 4 3 5 6 -3 7 -2 -5 12 -11 -1 -6 -13
right_child=1 2 -4 8 9 -7 -8 -9 -10 10 -12 13 -14 -15
leaf_value=-0.1214442505566951 -0.016413981441467888 -0.055093841525641347 0.30235263741016383 0.081032454706728457 0.052820734947919848 0.11423732615345054 -0.11180423811078072 0.12335775792598723 0.0082536164990493228 0.083218175015951454 0.18165014880044117 -0.10293256209010168 -0.024504502712516113 -0.073713412826804256
leaf_weight=204 407 22 20 64 30 270 34 21 252 38 21 126 20 73
leaf_count=204 407 22 20 64 30 270 34 21 252 38 21 126 20 73
internal_value=-1.08994e-10 0.0359676 0.0683838 0.0606875 0.000315506 0.101479 -0.0170808 -0.00955602 0.0229936 0.0740502 0.118253 -0.10701 0.0218906 -0.092214
internal_weight=1602 1199 628 608 571 292 462 428 316 109 59 403 50 199
internal_count=1602 1199 628 608 571 292 462 428 316 109 59 403 50 199
is_linear=0
shrinkage=0.03


Tree=55
num_leaves=15
num_cat=0
split_feature=4 4 1 7 8 8 7 8 8 8 1 2 4 9
split_gain=6453.21 1403.2 1210.82 822.733 1467.72 838.405 622.756 621.671 686.909 454.416 171.345 91.8021 80.2967 87.5793
threshold=10.500000000000002 41.500000000000007 1.0000000180025095e-35 2.0750000000000006 1.6833333333333336 2.5634920634920637 1.4772727272727275 2.3038461538461541 4.4642857142857153 1.4222222222222223 1.0000000180025095e-35 5.5000000000000009 8.5000000000000018 18.000000000000004
decision_type=2 2 2 2 2 2 2 2 2 2 2 2 2 2
left_child=7 2 3 5 -5 -2 -4 11 10 -8 -9 12 13 -1
right_child=1 -3 6 4 -6 -7 9 8 -10 -11 -12 -13 -14 -15
leaf_value=-0.12452830549118654 0.071499685338530378 0.28921105062961577 -0.10802031952142715 -0.20054332852363585 0.063164998059745861 0.24219830584526059 0.12616567654955771 0.13619486135244371 -0.096757269173860558 0.0078865989189791045 0.012013432770967484 -0.080858944378354961 -0.1718294669687748 -0.091188775599002833
leaf_weight=159 61 20 40 20 378 45 31 20 45 513 20 102 20 128
leaf_count=159 61 20 40 20 378 45 31 20 45 513 20 102 20 128
internal_value=-1.94058e-11 0.0402042 0.0356269 0.0696943 0.0499133 0.143966 0.00622628 -0.0901746 -0.0163519 0.0146268 0.0741041 -0.105517 -0.113709 -0.109659
internal_weight=1602 1108 1088 504 398 106 584 494 85 544 40 409 307 287
internal_count=1602 1108 1088 504 398 106 584 494 85 544 40 409 307 287
is_linear=0
shrinkage=0.03


Tree=56
num_leaves=15
num_cat=0
split_feature=9 3 1 4 6 0 4 3 8 9 6 3 3 3
split_gain=6137.94 1331.34 1271.68 850.487 670.618 596.173 579.635 474.089 176.378 176.832 168.317 156.971 412.075 85.3401
threshold=258.00000000000006 1.0000000180025095e-35 1.0000000180025095e-35 39.500000000000007 19.500000000000004 90.000000000000014 35.500000000000007 14.500000000000002 3.2928571428571431 174.00000000000003 56.000000000000007 7.5000000000000009 5.5000000000000009 3.5000000000000004
decision_type=2 2 2 2 2 2 2 2 2 2 2 2 2 2
left_child=4 -2 3 5 8 -3 7 -4 -1 -10 -8 12 13 -6
right_child=1 2 6 -5 11 -7 10 -9 9 -11 -12 -13 -14 -15
leaf_value=-0.10459180089203934 -0.1875416949391365 0.068590380527873668 0.013021845479713263 0.27599604065716266 -0.0095445438353128197 0.23615680664777755 0.054758448402086893 -0.13267606386116573 -0.08642804122284839 0.023778820127248766 0.15884593756098686 -0.065473454130250353 0.1200936084134238 -0.084554489828646176
leaf_weight=380 22 429 469 20 43 20 27 21 38 20 29 43 21 20
leaf_count=380 22 429 469 20 43 20 27 21 38 20 29 43 21 20
internal_value=-2.89556e-11 0.0433447 0.0483492 0.0845807 -0.0795548 0.0760544 0.0172272 0.00677765 -0.0971543 -0.0484257 0.108661 -0.0188575 0.00500548 -0.0333572
internal_weight=1602 1037 1015 469 565 449 546 490 438 58 56 127 84 63
internal_count=1602 1037 1015 469 565 449 546 490 438 58 56 127 84 63
is_linear=0
shrinkage=0.03


Tree=57
num_leaves=15
num_cat=0
split_feature=9 3 1 4 7 3 6 0 6 3 3 3 2 1
split_gain=5775.19 1252.66 1196.52 800.223 691.947 831.593 630.984 560.939 481.647 154.371 147.694 387.722 94.7399 109.75
threshold=258.00000000000006 1.0000000180025095e-35 1.0000000180025095e-35 39.500000000000007 1.7071428571428573 3.5000000000000004 19.500000000000004 90.000000000000014 40.500000000000007 1.0000000180025095e-35 7.5000000000000009 5.5000000000000009 6.5000000000000009 1.0000000180025095e-35
decision_type=2 2 2 2 2 2 2 2 2 2 2 2 2 2
left_child=6 -2 3 7 8 -6 9 -3 -4 -1 11 -8 13 -11
right_child=1 2 4 -5 5 -7 10 -9 -10 12 -12 -13 -14 -15
leaf_value=-0.10795146846121008 -0.18191544592380524 0.066532669040289788 0.005868191870215993 0.26771615204215049 -0.023149140900829909 0.057590005210154595 -0.032356507836708001 0.22907209861278532 -0.1750386825369464 -0.044133872816681248 -0.063509250813445384 0.11649080174309867 -0.12243740601672067 -0.1041942855402043
leaf_weight=275 22 429 26 20 182 311 63 20 27 98 43 21 27 38
leaf_count=275 22 429 26 20 182 311 63 20 27 98 43 21 27 38
internal_value=-2.2493e-10 0.0420444 0.0468987 0.0820432 0.0167104 0.0277837 -0.0771682 0.0737727 -0.0862919 -0.0942396 -0.0182917 0.00485532 -0.0711062 -0.0609155
internal_weight=1602 1037 1015 469 546 493 565 449 53 438 127 84 163 136
internal_count=1602 1037 1015 469 546 493 565 449 53 438 127 84 163 136
is_linear=0
shrinkage=0.03


Tree=58
num_leaves=15
num_cat=0
split_feature=9 4 3 1 7 4 3 9 3 9 1 7 9 9
split_gain=5433.87 1201.7 1130.48 1103.72 593.188 587.965 577.157 154.178 101.019 94.4048 135.07 79.9713 53.7314 45.7676
threshold=258.00000000000006 41.500000000000007 1.0000000180025095e-35 1.0000000180025095e-35 1.7071428571428573 6.5000000000000009 11.500000000000002 174.00000000000003 1.5000000000000002 222.00000000000003 1.0000000180025095e-35 2.2792207792207795 18.000000000000004 138.00000000000003
decision_type=2 2 2 2 2 2 2 2 2 2 2 2 2 2
left_child=5 2 -2 6 -5 12 -4 8 -7 11 -11 -9 -1 -10
right_child=1 -3 3 4 -6 7 -8 9 13 10 -12 -13 -14 -15
leaf_value=-0.10815227493588978 -0.17645797864957288 0.27107362908124921 0.060487761670007148 -0.083703159028137061 0.022057058160367887 -0.12332380482128689 0.15293433356331659 0.055601950002753212 -0.073963175241289467 0.0075472735298367649 -0.085874391660094265 -0.012910606340788628 -0.084720688687892814 -0.021531215319710389
leaf_weight=204 22 20 390 53 480 21 72 23 29 26 30 46 155 31
leaf_count=204 22 20 390 53 480 21 72 23 29 26 30 46 155 31
internal_value=2.72373e-10 0.040783 0.0362542 0.0409574 0.0115406 -0.0748531 0.074895 -0.0344526 -0.0666938 -0.0135604 -0.0425 0.00992691 -0.0980356 -0.0468733
internal_weight=1602 1037 1017 995 533 565 462 206 81 125 56 69 359 60
internal_count=1602 1037 1017 995 533 565 462 206 81 125 56 69 359 60
is_linear=0
shrinkage=0.03


Tree=59
num_leaves=15
num_cat=0
split_feature=9 3 3 1 3 6 7 3 3 3 9 2 1 9
split_gain=5117.89 1143.94 1068.91 994.294 758.537 673.23 632.164 177.299 325.783 140.09 93.0985 83.6888 94.2841 41.9112
threshold=270.00000000000006 19.000000000000004 1.0000000180025095e-35 1.0000000180025095e-35 14.500000000000002 20.500000000000004 5.154761904761906 7.5000000000000009 5.5000000000000009 1.0000000180025095e-35 222.00000000000003 6.5000000000000009 1.0000000180025095e-35 42.000000000000007
decision_type=2 2 2 2 2 2 2 2 2 2 2 2 2 2
left_child=5 2 -2 6 -5 9 -4 8 -7 13 -9 12 -11 -1
right_child=1 -3 3 4 -6 7 -8 10 -10 11 -12 -13 -14 -15
leaf_value=-0.10970837530818708 -0.17116424056616697 0.24109173233807085 0.055646726559422134 0.019660294754338073 -0.16436676723616461 -0.022273293442995053 0.14578236977601874 -0.023292167889220373 0.10733450412750244 -0.041957259032875296 -0.10803819019719958 -0.11589176381627718 -0.093474215981847741 -0.084524990751825527
leaf_weight=188 22 25 359 503 21 64 87 28 24 100 20 27 47 87
leaf_count=188 22 25 359 503 21 64 87 28 24 100 20 27 47 87
internal_value=-2.7849e-10 0.040668 0.035617 0.0403069 0.0122852 -0.0706997 0.0732292 -0.0122236 0.0130743 -0.0884119 -0.058603 -0.0673454 -0.0584287 -0.101741
internal_weight=1602 1017 992 970 524 585 446 136 88 449 48 174 147 275
internal_count=1602 1017 992 970 524 585 446 136 88 449 48 174 147 275
is_linear=0
shrinkage=0.03


Tree=60
num_leaves=15
num_cat=0
split_feature=4 9 4 1 3 8 8 8 8 8 6 3 8 9
split_gain=4822.25 1166.51 810.979 575.017 526.114 484.581 624.56 461.444 467.808 383.07 267.287 236.408 224.099 199.902
threshold=10.500000000000002 1524.0000000000002 31.500000000000004 1.0000000180025095e-35 11.500000000000002 2.3038461538461541 4.4642857142857153 4.154761904761906 3.4365079365079372 1.2565789473684212 51.500000000000007 4.5000000000000009 2.5857142857142863 906.00000000000011
decision_type=2 2 2 2 2 2 2 2 2 2 2 2 2 2
left_child=5 2 3 4 -2 -1 -7 8 12 -5 11 -4 -3 -12
right_child=1 7 10 9 -6 6 -8 -9 -10 -11 13 -13 -14 -15
leaf_value=-0.091496250836001047 0.030170827204869549 0.089895907504992045 0.090835053989520437 -0.11059713549911974 0.14354306649144102 0.073479010686278337 -0.089443630839387583 0.24645783916115757 -0.025011673654828752 7.4289796420520075e-05 0.11166960612158565 0.22287319670552791 0.21037624157965185 0.0080191698805852363
leaf_weight=409 363 33 26 30 41 40 45 24 21 456 34 23 24 33
leaf_count=409 363 33 26 30 41 40 45 24 21 456 34 23 24 33
internal_value=2.57369e-10 0.0347543 0.0249527 0.0152284 0.0416764 -0.077951 -0.0127742 0.131425 0.0960301 -0.00675728 0.099562 0.152812 0.140624 0.0606179
internal_weight=1602 1108 1006 890 404 494 85 102 78 486 116 49 57 67
internal_count=1602 1108 1006 890 404 494 85 102 78 486 116 49 57 67
is_linear=0
shrinkage=0.03


Tree=61
num_leaves=15
num_cat=0
split_feature=9 3 3 1 3 6 6 3 3 8 9 9 2 2
split_gain=4576.92 1055.57 983.718 899.633 716.991 592.933 511.225 163.48 308.267 141.592 145.622 89.5598 70.5022 63.1464
threshold=270.00000000000006 19.000000000000004 1.0000000180025095e-35 1.0000000180025095e-35 14.500000000000002 20.500000000000004 31.500000000000004 7.5000000000000009 5.5000000000000009 3.2928571428571431 174.00000000000003 222.00000000000003 3.5000000000000004 7.5000000000000009
decision_type=2 2 2 2 2 2 2 2 2 2 2 2 2 2
left_child=5 2 -2 6 -5 9 -4 8 -7 12 -11 -9 -1 -14
right_child=1 -3 3 4 -6 7 -8 11 -10 10 -12 -13 13 -15
leaf_value=-0.10145390038096576 -0.16476298607208512 0.23098453733325003 0.036426806720445785 0.018621636539508789 -0.16029469013214112 -0.022072878569306339 0.10068774343496717 -0.021882744069610324 0.1040025819092989 -0.077054298214222244 0.018586662095849926 -0.10500252404250204 -0.066369908407330508 -0.11158872647530267
leaf_weight=218 22 25 217 503 21 64 229 28 24 38 23 20 135 35
leaf_count=218 22 25 217 503 21 64 229 28 24 38 23 20 135 35
internal_value=-1.8398e-10 0.0384586 0.0336067 0.0381058 0.0114513 -0.0668589 0.0694218 -0.0119807 0.0123113 -0.0834812 -0.040993 -0.056516 -0.0901611 -0.0756797
internal_weight=1602 1017 992 970 524 585 446 136 88 449 61 48 388 170
internal_count=1602 1017 992 970 524 585 446 136 88 449 61 48 388 170
is_linear=0
shrinkage=0.03


Tree=62
num_leaves=15
num_cat=0
split_feature=9 3 3 1 7 7 6 3 3 8 9 9 0 6
split_gain=4306.42 993.181 925.58 846.464 708.752 602.107 557.891 153.818 290.048 133.224 137.016 84.2668 50.9431 73.5571
threshold=270.00000000000006 19.000000000000004 1.0000000180025095e-35 1.0000000180025095e-35 1.7071428571428573 5.154761904761906 20.500000000000004 7.5000000000000009 5.5000000000000009 3.2928571428571431 174.00000000000003 222.00000000000003 42.000000000000007 6.5000000000000009
decision_type=2 2 2 2 2 2 2 2 2 2 2 2 2 2
left_child=6 2 -2 5 -5 -4 9 8 -8 12 -11 -9 -1 -14
right_child=1 -3 3 4 -6 -7 7 11 -10 10 -12 -13 13 -15
leaf_value=-0.0962274525174871 -0.15982009592381391 0.22405500108003615 0.050179688104929031 -0.098763837540500388 0.022187277964695881 0.13814642515675776 -0.021410692769204615 -0.021226263131414142 0.10088250137865543 -0.074742670502317574 0.018029060234194216 -0.10185244854167103 -0.08720012074669635 -0.041244401396675547
leaf_weight=235 22 25 359 48 476 87 64 28 24 38 23 20 109 44
leaf_count=235 22 25 359 48 476 87 64 28 24 38 23 20 109 44
internal_value=8.95297e-11 0.0373049 0.0325985 0.0369626 0.0111078 0.0673391 -0.0648531 -0.0116212 0.011942 -0.0809768 -0.0397632 -0.0548205 -0.0874562 -0.0739841
internal_weight=1602 1017 992 970 524 446 585 136 88 449 61 48 388 153
internal_count=1602 1017 992 970 524 446 585 136 88 449 61 48 388 153
is_linear=0
shrinkage=0.03


Tree=63
num_leaves=15
num_cat=0
split_feature=9 5 8 8 1 6 7 8 9 6 6 6 8 6
split_gain=4052.02 1101.67 994.184 1845.73 1136.34 428.855 422.743 123.824 146.726 80.3131 188.225 65.793 55.5219 81.445
threshold=258.00000000000006 7.5000000000000009 1.2565789473684212 1.4222222222222223 1.0000000180025095e-35 19.500000000000004 2.1483516483516487 3.2928571428571431 174.00000000000003 34.500000000000007 28.500000000000004 25.500000000000004 1.6568627450980393 6.5000000000000009
decision_type=2 2 2 2 2 2 2 2 2 2 2 2 2 2
left_child=5 2 6 -4 -5 7 -2 12 -9 10 11 -7 13 -1
right_child=1 -3 3 4 -6 9 -8 8 -10 -11 -12 -13 -14 -15
leaf_value=-0.09226824551387941 -0.022870387031386295 0.24052914864343145 0.31614975819630281 0.066795424831184474 0.00047218661033690101 -0.010616520941257476 -0.1854170787706971 -0.07250038886932951 0.027887650793418286 -0.059955639864221727 0.058000693628864904 -0.073920468213883317 -0.13359591195895335 -0.061934734692781407
leaf_weight=241 36 23 21 440 493 45 24 38 20 29 31 22 20 119
leaf_count=241 36 23 21 440 493 45 24 38 20 29 31 22 20 119
internal_value=2.97448e-11 0.0352177 0.0305607 0.0380104 0.03175 -0.0646385 -0.0878891 -0.0787125 -0.0378838 -0.0160999 -0.00312217 -0.0314029 -0.0849442 -0.0822413
internal_weight=1602 1037 1014 954 933 565 60 438 58 127 98 67 380 360
internal_count=1602 1037 1014 954 933 565 60 438 58 127 98 67 380 360
is_linear=0
shrinkage=0.03


Tree=64
num_leaves=14
num_cat=0
split_feature=4 4 0 3 2 6 8 8 8 4 6 6 2
split_gain=3826.7 1083.61 898.383 648.897 889.808 609.2 384.435 584.391 85.6159 125.295 62.1449 54.898 3.2875
threshold=10.500000000000002 41.500000000000007 90.000000000000014 3.5000000000000004 6.5000000000000009 24.500000000000004 2.3038461538461541 4.4642857142857153 1.4807692307692311 6.5000000000000009 11.500000000000002 6.5000000000000009 1.5000000000000002
decision_type=2 2 2 2 2 2 2 2 2 2 2 2 2
left_child=6 2 3 4 -2 -5 8 12 9 11 -9 -1 -8
right_child=1 -3 -4 5 -6 -7 7 10 -10 -11 -12 -13 -14
leaf_value=-0.08976852802168421 0.010607969479083462 0.24977947998046873 0.19466744312218257 -0.081761915113244737 -0.11698144222898729 0.046759855204564556 0.080646628707647314 -0.047861340902745721 -0.12568595118820666 -0.0077898274768482545 -0.11852806233335286 -0.06437486020205295 0.063445601463317874
leaf_weight=238 324 20 28 35 58 643 20 21 36 22 24 113 20
leaf_count=238 324 20 28 35 58 643 20 21 36 22 24 113 20
internal_value=-2.13821e-11 0.0309596 0.0269372 0.0225066 -0.00876424 0.0401253 -0.0694398 -0.0113873 -0.0815045 -0.0772403 -0.0855503 -0.0815934 0.0720461
internal_weight=1602 1108 1088 1060 382 678 494 85 409 373 45 351 40
internal_count=1602 1108 1088 1060 382 678 494 85 409 373 45 351 40
is_linear=0
shrinkage=0.03


Tree=65
num_leaves=15
num_cat=0
split_feature=9 4 3 1 7 6 6 3 3 8 9 9 2 2
split_gain=3633.82 980.879 840.613 754.7 468.717 457.748 448.938 146.157 264.172 108.482 121.529 82.1724 57.9762 61.7942
threshold=270.00000000000006 41.500000000000007 1.0000000180025095e-35 1.0000000180025095e-35 1.7071428571428573 20.500000000000004 31.500000000000004 7.5000000000000009 5.5000000000000009 3.2928571428571431 174.00000000000003 222.00000000000003 3.5000000000000004 7.5000000000000009
decision_type=2 2 2 2 2 2 2 2 2 2 2 2 2 2
left_child=5 2 -2 6 -5 9 -4 8 -7 12 -11 -9 -1 -14
right_child=1 -3 3 4 -6 7 -8 11 -10 10 -12 -13 13 -15
leaf_value=-0.090266227495232845 -0.1532893896712498 0.24228609573841095 0.031330951332771285 -0.076787199242150078 0.018967840811465568 -0.020216761851625051 0.091053514771069155 -0.020291144773364068 0.09649382516741753 -0.069931982725301114 0.017439532446796479 -0.099909053888171909 -0.05768396202888753 -0.10241600839580807
leaf_weight=218 22 20 217 51 470 64 237 28 24 38 23 20 135 35
leaf_count=218 22 20 217 51 470 64 237 28 24 38 23 20 135 35
internal_value=-8.9206e-11 0.034268 0.0300952 0.0342331 0.00959451 -0.0595737 0.0625077 -0.0113555 0.0116134 -0.0741787 -0.0369886 -0.0534653 -0.0800256 -0.0668935
internal_weight=1602 1017 997 975 521 585 454 136 88 449 61 48 388 170
internal_count=1602 1017 997 975 521 585 454 136 88 449 61 48 388 170
is_linear=0
shrinkage=0.03


Tree=66
num_leaves=14
num_cat=0
split_feature=8 8 9 1 4 3 0 8 3 6 6 6 0
split_gain=3439.79 1352.85 1256.84 828.528 661.085 614.656 485.319 377.388 339.493 229.824 218.535 111.244 45.7256
threshold=1.2565789473684212 1.4222222222222223 558.00000000000011 1.0000000180025095e-35 27.500000000000004 1.5000000000000002 30.000000000000004 1.6833333333333336 11.500000000000002 51.500000000000007 31.500000000000004 18.500000000000004 42.000000000000007
decision_type=2 2 2 2 2 2 2 2 2 2 2 2 2
left_child=8 -2 4 5 7 -4 -5 -3 10 -6 11 12 -1
right_child=1 2 3 6 9 -7 -8 -9 -10 -11 -12 -13 -14
leaf_value=-0.088578223069198422 0.21281950848067507 -0.09549437143539978 0.24401648768356865 0.088471003124740585 0.12149158515036106 0.075404771639280152 -0.0027248764663566779 -0.014478743783775672 0.031629728646232529 0.01057050322664195 -0.16801655762246809 -0.009182371388782154 -0.066825913631550549
leaf_weight=192 34 59 21 67 40 265 243 421 26 29 24 22 159
leaf_count=192 34 59 21 67 40 265 243 421 26 29 24 22 159
internal_value=-3.19179e-10 0.0263311 0.0207935 0.0509598 -0.0119554 0.0877854 0.0169852 -0.0244369 -0.073391 0.0748726 -0.0802689 -0.0746229 -0.0787246
internal_weight=1602 1179 1145 596 549 286 310 480 423 69 397 373 351
internal_count=1602 1179 1145 596 549 286 310 480 423 69 397 373 351
is_linear=0
shrinkage=0.03


Tree=67
num_leaves=15
num_cat=0
split_feature=8 8 9 4 0 4 8 8 7 4 8 0 8 8
split_gain=3236.5 1272.89 1182.56 800.143 743.28 628.145 361.739 257.007 190.577 228.423 350.042 43.4708 39.0929 13.5164
threshold=1.2565789473684212 1.4222222222222223 558.00000000000011 40.500000000000007 78.000000000000014 23.500000000000004 1.6833333333333336 4.2678571428571432 4.291666666666667 8.5000000000000018 1.0250000000000001 42.000000000000007 0.53571428571428581 0.2678571428571429
decision_type=2 2 2 2 2 2 2 2 2 2 2 2 2 2
left_child=8 -2 5 4 -4 6 -3 -7 9 11 -11 13 -13 -1
right_child=1 2 3 -5 -6 7 -8 -9 -10 10 -12 12 -14 -15
leaf_value=-0.091740648281471479 0.20643492429571994 -0.097297833752015533 0.028877738378717144 0.21218539354892876 0.13139460617957049 0.0024657013951515662 -0.016903600763850515 0.095422516616724309 -0.15929210305213928 0.049957868851283019 -0.1036184948399155 -0.058135013716836353 -0.10211355601038251 -0.075263138427718035
leaf_weight=116 34 58 497 26 73 49 383 59 21 34 22 136 21 73
leaf_count=116 34 58 497 26 73 49 383 59 21 34 22 136 21 73
internal_value=-4.68016e-11 0.0255412 0.0201697 0.049431 0.0420071 -0.0115967 -0.027477 0.0532477 -0.0711892 -0.0665868 -0.0103757 -0.0756846 -0.0640175 -0.0853763
internal_weight=1602 1179 1145 596 570 549 441 108 423 402 56 346 157 189
internal_count=1602 1179 1145 596 570 549 441 108 423 402 56 346 157 189
is_linear=0
shrinkage=0.03


Tree=68
num_leaves=15
num_cat=0
split_feature=9 4 3 0 1 4 3 3 3 2 1 9 4 2
split_gain=3061.05 874.01 758.608 680.912 550.465 351.34 127.245 86.855 147.762 152.066 84.6317 103.106 29.7477 48.2649
threshold=270.00000000000006 41.500000000000007 1.0000000180025095e-35 90.000000000000014 1.0000000180025095e-35 14.500000000000002 1.0000000180025095e-35 7.5000000000000009 4.5000000000000009 3.5000000000000004 1.0000000180025095e-35 150.00000000000003 1.0000000180025095e-35 3.5000000000000004
decision_type=2 2 2 2 2 2 2 2 2 2 2 2 2 2
left_child=5 2 -2 4 -4 6 12 8 9 -7 11 -8 -1 -14
right_child=1 -3 3 -5 -6 7 10 -9 -10 -11 -12 -13 13 -15
leaf_value=-0.087268705632951526 -0.1466975476457314 0.22781097686290741 0.051821404041439159 0.17215178263187408 0.0058755024137620588 0.036999176222345102 -0.050750958840944799 -0.051640895301742207 0.063909963061069608 -0.066295041377688282 -0.075706039020648361 0.0070936704770876808 -0.081894843048632954 -0.041219052519740125
leaf_weight=162 22 20 434 30 511 23 96 28 29 29 65 39 73 41
leaf_count=162 22 20 434 30 511 23 96 28 29 29 65 39 73 41
internal_value=2.02275e-10 0.0314516 0.0275126 0.0314435 0.0269766 -0.0546774 -0.0658029 -0.00609295 0.00965202 -0.0206072 -0.0475817 -0.0340403 -0.0790066 -0.0672658
internal_weight=1602 1017 997 975 945 585 476 109 81 52 200 135 276 114
internal_count=1602 1017 997 975 945 585 476 109 81 52 200 135 276 114
is_linear=0
shrinkage=0.03


Tree=69
num_leaves=14
num_cat=0
split_feature=8 8 9 4 1 8 8 6 6 9 6 6 9
split_gain=2897.22 1213.72 1075.42 778.94 534.562 397.853 476.428 291.563 274.228 200.778 53.517 69.7174 30.8262
threshold=1.2565789473684212 1.4222222222222223 1524.0000000000002 31.500000000000004 1.0000000180025095e-35 4.154761904761906 3.4365079365079372 51.500000000000007 41.500000000000007 402.00000000000006 6.5000000000000009 7.5000000000000009 18.000000000000004
decision_type=2 2 2 2 2 2 2 2 2 2 2 2 2
left_child=8 -2 3 4 -3 6 -4 -5 9 10 12 -12 -1
right_child=1 2 5 7 -6 -7 -8 -9 -10 -11 11 -13 -14
leaf_value=-0.085240487406651175 0.20080418565694025 0.024853419282910773 0.12744356729230791 0.13894799969330127 -0.020674511874664802 0.22009207412600518 -0.041401485204696657 0.042658028189482083 0.013069911335195814 -0.16263174826448615 -0.018561196022977431 -0.067312919181404696 -0.061296007902078009
leaf_weight=162 34 441 53 49 490 24 21 67 35 22 36 99 69
leaf_count=162 34 441 53 49 490 24 21 67 35 22 36 99 69
internal_value=-1.23967e-10 0.0241654 0.0189202 0.0100252 0.00089135 0.113952 0.0795281 0.0833322 -0.0673547 -0.0746094 -0.0693185 -0.0543125 -0.0780882
internal_weight=1602 1179 1145 1047 931 98 74 116 423 388 366 135 231
internal_count=1602 1179 1145 1047 931 98 74 116 423 388 366 135 231
is_linear=0
shrinkage=0.03


Tree=70
num_leaves=15
num_cat=0
split_feature=9 3 7 2 3 7 7 8 0 6 7 6 3 3
split_gain=2763.8 819.551 1472.51 793.827 763.467 728.194 806.525 725.982 515.332 354.584 310.418 305.793 129.27 239.807
threshold=270.00000000000006 3.5000000000000004 4.7083333333333348 6.5000000000000009 19.000000000000004 6.291666666666667 4.4142857142857155 3.2250000000000005 78.000000000000014 20.500000000000004 5.2678571428571432 26.500000000000004 7.5000000000000009 5.5000000000000009
decision_type=2 2 2 2 2 2 2 2 2 2 2 2 2 2
left_child=9 3 4 5 8 6 -2 -7 -3 -1 -4 -5 13 -11
right_child=1 2 10 11 -6 7 -8 -9 -10 12 -12 -13 -14 -15
leaf_value=-0.06480913550543696 0.032763338185408539 0.020182544502924372 0.2629882029829354 -0.037329054127136864 0.19808177787065503 0.23509246131777764 -0.091963450829823337 0.037418644073254917 0.12493368657386821 -0.018242164574330672 0.12534300392866132 -0.17762593397806431 -0.049119002316147083 0.092956129983067515
leaf_weight=449 102 521 29 27 25 20 86 102 46 64 30 29 48 24
leaf_count=449 102 521 29 27 25 20 86 102 46 64 30 29 48 24
internal_value=2.82054e-10 0.0298855 0.0500784 -0.00603137 0.0358346 0.012747 -0.0242925 0.0698242 0.0286809 -0.0519548 0.192999 -0.109983 -0.00951664 0.0120846
internal_weight=1602 1017 651 366 592 310 188 122 567 585 59 56 136 88
internal_count=1602 1017 651 366 592 310 188 122 567 585 59 56 136 88
is_linear=0
shrinkage=0.03


Tree=71
num_leaves=15
num_cat=0
split_feature=4 5 0 8 8 7 8 7 7 8 6 6 6 4
split_gain=2617.79 860.295 720.352 654.249 1806.56 291.857 265.404 539.367 310.726 99.4838 89.7014 79.6819 40.5547 24.1099
threshold=10.500000000000002 7.5000000000000009 90.000000000000014 1.2565789473684212 1.4222222222222223 1.9351851851851853 2.3038461538461541 2.9615384615384621 1.9351851851851853 1.4807692307692311 6.5000000000000009 11.500000000000002 7.5000000000000009 1.0000000180025095e-35
decision_type=2 2 2 2 2 2 2 2 2 2 2 2 2 2
left_child=6 2 3 5 -5 -2 9 8 -8 10 13 -9 -12 -1
right_child=1 -3 -4 4 -6 -7 7 11 -10 -11 12 -13 -14 -15
leaf_value=-0.080863999884862162 -0.030311798543076623 0.19959450197964906 0.17177525486264911 0.29189107450571927 0.017002151231077137 -0.17554702788591384 -0.018314864158630369 -0.042085707741124287 0.14506870101798666 -0.11508315985401471 -0.016060084019166726 -0.12378427170217036 -0.053242676276149169 -0.060771295808982564
leaf_weight=156 33 25 28 22 980 20 20 21 22 36 36 22 99 82
leaf_count=156 33 25 28 22 980 20 20 21 22 36 36 22 99 82
internal_value=-3.01808e-11 0.0256065 0.0215902 0.0176042 0.0230376 -0.0851175 -0.0574333 -0.00919811 0.067267 -0.0674577 -0.0628612 -0.083885 -0.0433273 -0.0739413
internal_weight=1602 1108 1083 1055 1002 53 494 85 42 409 373 43 135 238
internal_count=1602 1108 1083 1055 1002 53 494 85 42 409 373 43 135 238
is_linear=0
shrinkage=0.03


Tree=72
num_leaves=15
num_cat=0
split_feature=9 4 3 1 3 3 6 3 4 3 2 1 9 2
split_gain=2485.96 769.985 685.541 602.603 478.277 399.632 317.182 234.015 153.552 114.059 72.4277 60.1834 23.2447 64.8946
threshold=270.00000000000006 41.500000000000007 1.0000000180025095e-35 1.0000000180025095e-35 14.500000000000002 1.5000000000000002 28.500000000000004 6.5000000000000009 18.500000000000004 1.0000000180025095e-35 6.5000000000000009 1.0000000180025095e-35 66.000000000000014 3.5000000000000004
decision_type=2 2 2 2 2 2 2 2 2 2 2 2 2 2
left_child=6 2 -2 5 -5 -4 9 -8 -9 12 11 -11 -1 -14
right_child=1 -3 3 4 -6 -7 7 8 -10 10 -12 -13 13 -15
leaf_value=-0.075560190509380898 -0.14096165227280422 0.21264745259284973 0.13647555014395968 0.013217047893519665 -0.11424397306782857 0.044083775923626285 0.08637978166341781 0.024325525425374507 -0.084149276018142691 -0.022405047858450561 -0.080912951859267973 -0.056120968648752607 -0.077625070827613982 -0.01578540287911892
leaf_weight=209 22 20 47 493 28 407 24 24 23 125 37 77 42 24
leaf_count=209 22 20 47 493 28 407 24 24 23 125 37 77 42 24
internal_value=3.11788e-10 0.0283436 0.0246464 0.0283832 0.00636694 0.0536486 -0.0492742 0.0101619 -0.0287579 -0.0574843 -0.0423252 -0.0352572 -0.0706588 -0.0551379
internal_weight=1602 1017 997 975 521 454 585 71 47 514 239 202 275 66
internal_count=1602 1017 997 975 521 454 585 71 47 514 239 202 275 66
is_linear=0
shrinkage=0.03


Tree=73
num_leaves=15
num_cat=0
split_feature=9 3 2 9 6 6 8 8 3 6 6 3 4 8
split_gain=2339.04 753.065 734.322 726.217 527.677 666.656 470.068 1641.35 456.573 298.437 289.242 220.184 144.477 108.573
threshold=270.00000000000006 3.5000000000000004 6.5000000000000009 1938.0000000000002 29.500000000000004 37.500000000000007 2.1125000000000003 2.6458333333333335 5.5000000000000009 28.500000000000004 26.500000000000004 6.5000000000000009 18.500000000000004 3.7750000000000004
decision_type=2 2 2 2 2 2 2 2 2 2 2 2 2 2
left_child=9 2 6 4 8 -6 -2 -8 -3 13 -4 -11 -13 -1
right_child=1 3 10 -5 5 -7 7 -9 -10 11 -12 12 -14 -15
leaf_value=-0.061503138840963992 -0.11640096515417099 0.025638404819707739 -0.036255176464716592 0.17781328270211813 0.10399777606129645 0.029230946607428754 0.28392514926195145 0.0021196537791170126 -0.10109140281379222 0.083788387477397919 -0.17270246300204045 0.023595759943127632 -0.081624797142070271 -0.022659545838832854
leaf_weight=438 24 71 27 36 155 349 20 266 40 24 29 24 23 76
leaf_count=438 24 71 27 36 155 349 20 266 40 24 29 24 23 76
internal_value=-5.90971e-11 0.0274933 -0.00693594 0.0468498 0.0391836 0.0522247 0.0111249 0.0218263 -0.02003 -0.047796 -0.106915 0.00985703 -0.0278952 -0.0557597
internal_weight=1602 1017 366 651 615 504 310 286 111 585 56 71 47 514
internal_count=1602 1017 366 651 615 504 310 286 111 585 56 71 47 514
is_linear=0
shrinkage=0.03


Tree=74
num_leaves=15
num_cat=0
split_feature=4 5 0 2 6 4 4 2 9 2 2 6 0 9
split_gain=2204.02 803.129 651.838 599.382 574.857 306.426 138.179 228.132 171.953 36.1292 59.9952 63.5702 23.3261 9.38986
threshold=10.500000000000002 7.5000000000000009 90.000000000000014 13.500000000000002 28.500000000000004 17.500000000000004 7.5000000000000009 3.5000000000000004 354.00000000000006 3.5000000000000004 7.5000000000000009 6.5000000000000009 54.000000000000007 114.00000000000001
decision_type=2 2 2 2 2 2 2 2 2 2 2 2 2 2
left_child=6 2 3 4 -2 -5 9 8 -8 12 11 -11 13 -1
right_child=1 -3 -4 5 -6 -7 7 -9 -10 10 -12 -13 -14 -15
leaf_value=-0.07672228949872488 -0.0066150065032296052 0.19160383407622575 0.16247970291546412 -0.1705223192470148 0.040092985758489387 -0.028899629837410016 -0.030343512637360442 -0.080811994829598596 0.074272128664530243 -0.067639294117689125 -0.084267921798369463 -0.02286310504262264 -0.05359839723102356 -0.057713601184742794
leaf_weight=142 393 25 28 20 598 44 31 34 26 45 34 78 76 28
leaf_count=142 393 25 28 20 598 44 31 34 26 45 34 78 76 28
internal_value=5.71525e-11 0.0234959 0.0196152 0.0158236 0.02157 -0.0731567 -0.0526992 -0.0193097 0.0173759 -0.0602388 -0.0489949 -0.0392446 -0.0674147 -0.0735914
internal_weight=1602 1108 1083 1055 991 64 494 91 57 403 157 123 246 170
internal_count=1602 1108 1083 1055 991 64 494 91 57 403 157 123 246 170
is_linear=0
shrinkage=0.03


Tree=75
num_leaves=15
num_cat=0
split_feature=3 7 8 8 5 1 3 2 6 7 3 7 2 2
split_gain=2097.8 1516.6 931.897 1502.67 756.559 631.733 632.11 586.547 582.702 556.75 482.689 284.526 261.338 34.2487
threshold=3.5000000000000004 4.7083333333333348 1.8441295546558707 2.2361111111111116 7.5000000000000009 1.0000000180025095e-35 14.500000000000002 2.5000000000000004 24.500000000000004 7.291666666666667 2.5000000000000004 5.2678571428571432 9.5000000000000018 3.5000000000000004
decision_type=2 2 2 2 2 2 2 2 2 2 2 2 2 2
left_child=2 4 12 -4 5 8 -7 9 -2 -5 -9 -3 13 -1
right_child=1 11 3 7 -6 6 -8 10 -10 -11 -12 -13 -14 -15
leaf_value=-0.066186483523577713 -0.068522408850052771 0.24914434107919703 0.22510533878803252 -0.010294091034756632 0.18585571433901787 0.0022290194513064302 -0.14616606486695152 -0.015008992297308784 0.062946751827641603 0.10097813839421553 -0.12850858613848687 0.11736461508274078 -0.16420275140892374 -0.048786056038206779
leaf_weight=218 34 29 25 196 25 334 28 77 282 51 60 30 22 191
leaf_count=218 34 29 25 196 25 334 28 77 282 51 60 30 22 191
internal_value=2.89992e-10 0.0360441 -0.0326971 -0.000259978 0.023783 0.0178069 -0.00924905 -0.0149322 0.0488013 0.0126811 -0.0647168 0.182138 -0.0634785 -0.0580606
internal_weight=1602 762 840 409 703 678 362 384 316 247 137 59 431 409
internal_count=1602 762 840 409 703 678 362 384 316 247 137 59 431 409
is_linear=0
shrinkage=0.03


Tree=76
num_leaves=14
num_cat=0
split_feature=8 8 9 1 7 0 6 7 8 3 6 6 6
split_gain=1989.31 1144.14 865.542 658.677 871.899 418.648 410.049 464.272 277.088 201.395 248.709 88.5212 44.7858
threshold=1.2565789473684212 1.4222222222222223 558.00000000000011 1.0000000180025095e-35 5.154761904761906 30.000000000000004 28.500000000000004 2.226495726495727 1.8166666666666669 11.500000000000002 31.500000000000004 18.500000000000004 12.500000000000002
decision_type=2 2 2 2 2 2 2 2 2 2 2 2 2
left_child=9 -2 6 4 -4 -5 8 -8 -3 10 11 12 -1
right_child=1 2 3 5 -6 -7 7 -9 -10 -11 -12 -13 -14
leaf_value=-0.055842086171962041 0.19152517867000665 -0.095082683525302192 0.048398095106983438 0.076067017577519061 0.18523975828114678 -0.0086335513372848057 -0.037115935029753716 0.052432258992855037 -0.021228864067663677 0.025075969174504279 -0.15471921123564242 0.0032894124090671537 -0.098300690548494454
leaf_weight=327 34 55 235 67 51 243 83 140 271 26 24 22 24
leaf_count=327 34 55 235 67 51 243 83 140 271 26 24 22 24
internal_value=-2.21111e-10 0.0200242 0.0149316 0.0399653 0.0727999 0.0096727 -0.0122453 0.0191027 -0.0336889 -0.0558121 -0.0611095 -0.0550864 -0.0587452
internal_weight=1602 1179 1145 596 286 310 549 223 326 423 397 373 351
internal_count=1602 1179 1145 596 286 310 549 223 326 423 397 373 351
is_linear=0
shrinkage=0.03


Tree=77
num_leaves=15
num_cat=0
split_feature=3 7 8 8 3 1 3 6 7 3 9 4 9 3
split_gain=1905.79 1401.69 820.126 1407.79 710.742 506.984 669.918 532.772 453.962 692.392 566.251 369.263 140.96 38.9426
threshold=3.5000000000000004 4.7083333333333348 1.8441295546558707 2.2361111111111116 19.000000000000004 1.0000000180025095e-35 14.500000000000002 24.500000000000004 3.1944444444444451 2.5000000000000004 282.00000000000006 36.500000000000007 378.00000000000006 1.0000000180025095e-35
decision_type=2 2 2 2 2 2 2 2 2 2 2 2 2 2
left_child=2 4 12 -4 5 7 -7 -2 10 -10 -5 -3 13 -1
right_child=1 11 3 8 -6 6 -8 -9 9 -11 -12 -13 -14 -15
leaf_value=-0.061377142926441003 -0.066585002445122776 0.23479475841547051 0.21739920587539674 -0.034833899600431317 0.17965616444349289 0.0038192890587680295 -0.16005400463938713 0.059373869624516157 0.0036621772888238012 -0.087023996990998234 0.18821138518197195 0.080908352914063827 -0.11962348769334229 -0.041069652299146824
leaf_weight=275 34 36 25 20 25 348 24 272 230 113 21 23 33 123
leaf_count=275 34 36 25 20 25 348 24 272 230 113 21 23 33 123
internal_value=1.22101e-10 0.034355 -0.0311649 -0.000735134 0.0225676 0.0167752 -0.00675318 0.0453784 -0.0149366 -0.026214 0.0794088 0.174805 -0.0600414 -0.0551012
internal_weight=1602 762 840 409 703 678 372 306 384 343 41 59 431 398
internal_count=1602 762 840 409 703 678 372 306 384 343 41 59 431 398
is_linear=0
shrinkage=0.03


Tree=78
num_leaves=15
num_cat=0
split_feature=3 6 0 3 5 2 6 3 3 6 4 3 9 4
split_gain=1793.16 794.295 743.986 619.037 561.231 449.908 428.323 357.891 538.033 309.195 303.956 275.92 266.04 550.164
threshold=3.5000000000000004 28.500000000000004 78.000000000000014 1.0000000180025095e-35 7.5000000000000009 6.5000000000000009 37.500000000000007 5.5000000000000009 4.5000000000000009 17.500000000000004 6.5000000000000009 6.5000000000000009 390.00000000000006 13.500000000000002
decision_type=2 2 2 2 2 2 2 2 2 2 2 2 2 2
left_child=3 7 4 10 6 12 -3 8 9 -2 -1 -9 -5 -14
right_child=1 2 -4 5 -6 -7 -8 11 -10 -11 -12 -13 13 -15
leaf_value=-0.056619752296028045 0.026716244472907141 0.067189259345381003 0.17130974157281767 -0.022789489141464031 0.17814606549739839 -0.074072264455865289 0.012695415102773241 -0.17486842827363447 0.10571353749041595 -0.11356743497233238 -0.17500163589205062 -0.033976012286569539 0.094189545194739877 -0.0066912877292964945
leaf_weight=277 26 206 41 222 25 86 351 22 31 31 21 29 69 165
leaf_count=277 26 206 41 222 25 86 351 22 31 31 21 29 69 165
internal_value=-3.16545e-12 0.0333244 0.047792 -0.03023 0.0390906 -0.0111337 0.0328493 -0.0315198 0.00512672 -0.0495784 -0.0649621 -0.0947531 0.000736293 0.0230556
internal_weight=1602 762 623 840 582 542 557 139 88 57 298 51 456 234
internal_count=1602 762 623 840 582 542 557 139 88 57 298 51 456 234
is_linear=0
shrinkage=0.03


Tree=79
num_leaves=11
num_cat=0
split_feature=8 8 4 0 8 8 3 6 6 3
split_gain=1699.03 1086.4 728.179 768.603 634.977 588.335 163.803 251.396 79.4957 43.7794
threshold=1.2565789473684212 1.4222222222222223 41.500000000000007 54.000000000000007 4.2250000000000005 4.2678571428571432 11.500000000000002 31.500000000000004 18.500000000000004 1.5000000000000002
decision_type=2 2 2 2 2 2 2 2 2 2
left_child=6 -2 3 5 -5 -3 7 8 9 -1
right_child=1 2 -4 4 -6 -7 -8 -9 -10 -11
leaf_value=-0.050529839376979899 0.18562316033331785 -0.021339593169606895 0.1929748249053955 0.098655289747613534 -0.011354024546666884 0.0277782775655805 0.021369643669862014 -0.15047104474157094 0.0050183303247798563 -0.088426138520240782
leaf_weight=321 34 546 20 141 71 367 26 24 22 30
leaf_count=321 34 546 20 141 71 367 26 24 22 30
internal_value=2.43539e-10 0.0185056 0.0135432 0.0103533 0.0618125 -0.00159561 -0.0515796 -0.0563571 -0.0503015 -0.0537688
internal_weight=1602 1179 1145 1125 212 913 423 397 373 351
internal_count=1602 1179 1145 1125 212 913 423 397 373 351
is_linear=0
shrinkage=0.03


Tree=80
num_leaves=15
num_cat=0
split_feature=3 8 8 9 2 8 3 5 8 4 8 2 0 9
split_gain=1638.98 695.471 1323.25 664.187 527.471 534.875 438.946 383.591 334.342 707.828 584.209 232.943 33.0003 86.4708
threshold=3.5000000000000004 1.8441295546558707 2.2361111111111116 1938.0000000000002 2.5000000000000004 4.2678571428571432 2.5000000000000004 7.5000000000000009 4.154761904761906 16.500000000000004 3.6458333333333335 9.5000000000000018 78.000000000000014 258.00000000000006
decision_type=2 2 2 2 2 2 2 2 2 2 2 2 2 2
left_child=1 11 -3 7 5 -4 -6 8 10 -10 -2 12 13 -1
right_child=3 2 4 -5 6 -7 -8 -9 9 -11 -12 -13 -14 -15
leaf_value=-0.048804438911494795 0.021087374812987159 0.21060428638458251 0.13027030688524247 0.1576378420057396 -0.014456616628479647 -0.004876366717363214 -0.12269117712974548 0.14618194674566873 -0.11028494707175664 0.073819307314034271 -0.075294590781514459 -0.15058774482120169 -0.028528361622658038 -0.098470658285277235
leaf_weight=320 438 25 30 36 77 217 60 23 21 179 65 22 54 35
leaf_count=320 438 25 30 36 77 217 60 23 21 179 65 22 54 35
internal_value=1.56258e-10 -0.0289011 -0.000879182 0.0318595 -0.0146476 0.0115382 -0.0618586 0.0256226 0.0216782 0.0544884 0.00863245 -0.0554927 -0.0503776 -0.0537011
internal_weight=1602 840 409 762 384 247 137 726 703 200 503 431 409 355
internal_count=1602 840 409 762 384 247 137 726 703 200 503 431 409 355
is_linear=0
shrinkage=0.03


Tree=81
num_leaves=15
num_cat=0
split_feature=3 7 5 3 7 6 0 1 3 6 7 4 4 7
split_gain=1542.12 1288.12 635.786 539.462 658.401 888.563 875.893 527.888 569.008 466.642 430.731 358.668 290.141 286.65
threshold=3.5000000000000004 4.7083333333333348 7.5000000000000009 1.0000000180025095e-35 6.291666666666667 29.500000000000004 30.000000000000004 1.0000000180025095e-35 14.500000000000002 24.500000000000004 11.750000000000002 36.500000000000007 6.5000000000000009 4.4142857142857155
decision_type=2 2 2 2 2 2 2 2 2 2 2 2 2 2
left_child=3 2 7 12 13 6 -6 9 -9 -2 -7 -3 -1 -5
right_child=1 11 -4 4 5 10 -8 8 -10 -11 -12 -13 -14 -15
leaf_value=-0.052306542121116004 -0.062533450573682786 0.22466625201205412 0.16817829700112344 -0.01133846935128071 0.013553320179382959 -0.08945941788104779 0.20404482449804032 0.00028321125070581175 -0.14051027406539235 0.055116795793254958 0.07676619386672974 0.073003717971884693 -0.16796693648610797 -0.064790229579056058
leaf_weight=277 34 36 25 245 45 47 42 334 28 282 20 23 21 143
leaf_count=277 34 36 25 245 45 47 42 334 28 282 20 23 21 143
internal_value=-2.44568e-10 0.0309037 0.0196039 -0.0280341 -0.0102074 0.0422761 0.105515 0.0141255 -0.0106069 0.0424582 -0.0398398 0.165544 -0.0604571 -0.0310385
internal_weight=1602 762 703 840 542 154 87 678 362 316 67 59 298 388
internal_count=1602 762 703 840 542 154 87 678 362 316 67 59 298 388
is_linear=0
shrinkage=0.03


Tree=82
num_leaves=15
num_cat=0
split_feature=9 3 6 2 1 7 7 6 6 2 3 7 7 9
split_gain=1483.25 558.603 535.778 502.601 473.545 729.895 498.588 180.479 190.31 425.466 115.414 99.8513 161.719 72.7409
threshold=390.00000000000006 19.000000000000004 28.500000000000004 13.500000000000002 1.0000000180025095e-35 5.154761904761906 1.6811594202898552 31.500000000000004 48.500000000000007 9.5000000000000018 11.500000000000002 7.366666666666668 5.2678571428571432 138.00000000000003
decision_type=2 2 2 2 2 2 2 2 2 2 2 2 2 2
left_child=2 3 11 4 5 -2 -6 -4 9 -9 -5 12 13 -1
right_child=1 -3 7 10 6 -7 -8 8 -10 -11 -12 -13 -14 -15
leaf_value=-0.049904042260499076 0.033497139388117297 0.17030415896326304 0.081081963669170032 -0.019465375181574089 -0.12257840237617493 0.14081618107120755 0.01583651263517832 0.01749563901019948 0.084969465391976487 -0.12813141999037367 -0.10724247039428779 0.013349163002438016 -0.11016405668448317 -0.027025165152880025
leaf_weight=352 290 24 33 26 25 71 371 84 21 23 28 27 33 194
leaf_count=352 290 24 33 26 25 71 371 84 21 23 28 27 33 194
internal_value=-3.10406e-10 0.0276664 -0.0301192 0.0234453 0.029753 0.0546042 0.0070982 0.0185259 0.0023982 -0.0138074 -0.0649794 -0.0430431 -0.0456727 -0.0417749
internal_weight=1602 835 767 811 757 361 396 161 128 107 54 606 579 546
internal_count=1602 835 767 811 757 361 396 161 128 107 54 606 579 546
is_linear=0
shrinkage=0.03


Tree=83
num_leaves=15
num_cat=0
split_feature=3 7 5 3 7 6 9 0 7 4 4 7 2 9
split_gain=1411.98 1195.19 586.982 476.768 593.131 840.969 1341.35 433.109 405.806 338.333 278.747 276.084 532.524 372.395
threshold=3.5000000000000004 4.7083333333333348 7.5000000000000009 1.0000000180025095e-35 6.291666666666667 29.500000000000004 774.00000000000011 78.000000000000014 11.750000000000002 36.500000000000007 6.5000000000000009 4.4142857142857155 2.5000000000000004 594.00000000000011
decision_type=2 2 2 2 2 2 2 2 2 2 2 2 2 2
left_child=3 2 7 10 11 6 -6 -2 -7 -3 -1 12 -5 -13
right_child=1 9 -4 4 5 8 -8 -9 -10 -11 -12 13 -14 -15
leaf_value=-0.049317038962617514 0.0068040896629293756 0.21668563251694042 0.16144455084800718 0.043207024015260463 0.034823394368656661 -0.088301186406231941 0.31010023670537135 0.10028948017861694 0.073043300807476036 0.069385213696438325 -0.16268367205347334 -0.026916630256759083 -0.046925164806697998 -0.12798435176120085
leaf_weight=277 630 36 25 99 66 47 21 48 20 23 21 92 146 51
leaf_count=277 630 36 25 99 66 47 21 48 20 23 21 92 146 51
internal_value=-1.66186e-10 0.029571 0.0186865 -0.0268252 -0.0100663 0.0397478 0.10127 0.0134225 -0.0401387 0.159263 -0.057306 -0.0298379 -0.0105044 -0.0629618
internal_weight=1602 762 703 840 542 154 87 678 67 59 298 388 245 143
internal_count=1602 762 703 840 542 154 87 678 67 59 298 388 245 143
is_linear=0
shrinkage=0.03


Tree=84
num_leaves=15
num_cat=0
split_feature=6 7 6 0 3 7 4 2 3 7 4 8 8 4
split_gain=1333.09 913.724 874.207 759.735 725.023 915.613 561.048 1034.74 590.116 399.909 318.337 217.075 399.368 858.499
threshold=28.500000000000004 6.291666666666667 17.500000000000004 30.000000000000004 3.5000000000000004 4.7083333333333348 18.500000000000004 11.500000000000002 19.000000000000004 12.250000000000002 36.500000000000007 9.5833333333333339 2.1125000000000003 13.500000000000002
decision_type=2 2 2 2 2 2 2 2 2 2 2 2 2 2
left_child=1 11 -3 -4 9 6 7 -6 -8 -2 -7 12 -1 -14
right_child=4 2 3 -5 5 10 8 -9 -10 -11 -12 -13 13 -15
leaf_value=-0.048526843792770981 -0.084838114396175918 -0.11713931337185204 0.015803750508597919 0.1996851516686953 0.1580059850299862 0.21018506916239857 0.0078006797430453141 -0.043256322136696647 0.15769372773170473 0.064934609106608795 0.067303654836571733 -0.097876159070020022 0.055374354515969747 -0.050295062709239224
leaf_weight=462 68 20 42 39 71 36 434 34 25 21 23 47 125 155
leaf_count=462 68 20 42 39 71 36 434 34 25 21 23 47 125 155
internal_value=1.27752e-10 -0.0244773 0.0604821 0.104339 0.0305967 0.0420388 0.0302758 0.0928353 0.0159648 -0.0494985 0.154486 -0.035353 -0.0313926 -0.00312122
internal_weight=1602 890 101 81 712 623 564 105 459 89 59 789 742 280
internal_count=1602 890 101 81 712 623 564 105 459 89 59 789 742 280
is_linear=0
shrinkage=0.03


Tree=85
num_leaves=15
num_cat=0
split_feature=9 4 0 8 8 4 8 8 8 8 3 3 8 8
split_gain=1273.97 516.047 504.311 439.211 518.267 400.963 277.532 203.935 127.576 177.215 90.3861 84.3153 107.419 414.089
threshold=390.00000000000006 41.500000000000007 90.000000000000014 1.2565789473684212 1.4807692307692311 16.500000000000004 1.0250000000000001 4.2678571428571432 2.0384615384615388 2.5857142857142863 4.5000000000000009 1.0000000180025095e-35 1.4222222222222223 1.0729166666666667
decision_type=2 2 2 2 2 2 2 2 2 2 2 2 2 2
left_child=5 2 3 6 -5 11 -2 8 -7 -10 -9 -1 13 -13
right_child=1 -3 -4 4 -6 7 -8 10 9 -11 -12 12 -14 -15
leaf_value=-0.051053719097748397 0.00066528415138071236 0.17619230514764786 0.14480398523396457 0.17351704269647597 0.018700915441752883 0.042524413201544022 -0.15002370089292524 0.026643258594885106 -0.090117965705692762 0.0036033190560081727 0.099017178055644042 -0.031112064800279979 -0.042862466398115841 0.11817867475748062
leaf_weight=290 22 20 29 20 722 27 22 41 30 46 25 102 186 20
leaf_count=290 22 20 29 20 722 27 22 41 30 46 25 102 186 20
internal_value=-1.11079e-10 0.0256403 0.0219458 0.0174129 0.0228739 -0.0279135 -0.0746792 0.0128886 -0.0134915 -0.0333919 0.0540576 -0.0394446 -0.0285139 -0.00663817
internal_weight=1602 835 815 786 742 767 44 169 103 76 66 598 308 122
internal_count=1602 835 815 786 742 767 44 169 103 76 66 598 308 122
is_linear=0
shrinkage=0.03


Tree=86
num_leaves=15
num_cat=0
split_feature=3 6 0 8 8 2 8 4 8 3 3 3 6 3
split_gain=1196.71 625.656 617.517 502.173 1198.04 496.945 491.281 443.165 487.938 358.905 331.54 494.038 292.029 263.064
threshold=3.5000000000000004 28.500000000000004 78.000000000000014 1.8441295546558707 2.2361111111111116 2.5000000000000004 4.2678571428571432 41.500000000000007 4.154761904761906 2.5000000000000004 5.5000000000000009 4.5000000000000009 17.500000000000004 6.5000000000000009
decision_type=2 2 2 2 2 2 2 2 2 2 2 2 2 2
left_child=3 10 7 -1 -5 6 -6 8 -3 -7 11 12 -2 -12
right_child=1 2 -4 4 5 9 -8 -9 -10 -11 13 -13 -14 -15
leaf_value=-0.047291703427884635 0.026670649533088391 0.01079108364238408 0.15259468067346549 0.20034461159706116 0.12522247797250746 -0.016946846353156228 -0.0042997376660254142 0.17090653878450393 0.074823846904716135 -0.11481695410609244 -0.16941418989138168 0.10133153554893309 -0.10966335735013408 -0.031843291227545201
leaf_weight=431 26 418 41 25 30 77 217 20 144 60 22 31 31 29
leaf_count=431 26 418 41 25 30 77 217 20 144 60 22 31 31 29
internal_value=2.19419e-10 0.0272236 0.0400639 -0.0246957 -0.000884298 -0.0139851 0.0114317 0.0321365 0.0271981 -0.0598097 -0.0303267 0.00494489 -0.0474759 -0.0911876
internal_weight=1602 762 623 840 409 384 247 582 562 137 139 88 57 51
internal_count=1602 762 623 840 409 384 247 582 562 137 139 88 57 51
is_linear=0
shrinkage=0.03


Tree=87
num_leaves=15
num_cat=0
split_feature=9 5 2 1 3 6 2 9 6 4 4 9 2 6
split_gain=1147.22 492.614 534.736 510.621 495.325 410.976 381.663 174.88 173.048 205.485 100.524 89.1169 83.0979 72.5178
threshold=390.00000000000006 7.5000000000000009 13.500000000000002 1.0000000180025095e-35 11.500000000000002 28.500000000000004 5.5000000000000009 924.00000000000011 31.500000000000004 21.500000000000004 16.500000000000004 234.00000000000003 6.5000000000000009 25.500000000000004
decision_type=2 2 2 2 2 2 2 2 2 2 2 2 2 2
left_child=5 2 3 4 -2 10 -5 -4 -7 11 13 -10 -11 -1
right_child=1 -3 7 6 -6 8 -8 -9 9 12 -12 -13 -14 -15
leaf_value=-0.038756581149398457 0.038811926000737226 0.16779254249164036 -0.028378573188493988 -0.020666784849017857 0.14300703359252595 0.077370489226146172 0.039965792019285407 -0.14369094881415365 -0.006130622346764026 0.056053059493070066 0.0087808498281698958 -0.087956005507707588 -0.0057974108702996199 -0.092044585258699949
leaf_weight=543 325 21 29 240 47 33 153 20 23 46 39 25 34 24
leaf_count=543 325 21 29 240 47 33 153 20 23 46 39 25 34 24
internal_value=8.15866e-11 0.0243315 0.0206304 0.0267842 0.0519764 -0.0264886 0.00293826 -0.0754448 0.0161158 0.000323627 -0.0378077 -0.048748 0.0297666 -0.0410122
internal_weight=1602 835 814 765 372 767 393 49 161 128 606 48 80 567
internal_count=1602 835 814 765 372 767 393 49 161 128 606 48 80 567
is_linear=0
shrinkage=0.03


Tree=88
num_leaves=15
num_cat=0
split_feature=9 5 8 5 8 6 7 6 8 6 8 2 7 9
split_gain=1079.42 463.501 534.325 475.462 431.322 386.688 238.642 162.82 205.561 260.234 129.559 178.623 125.947 123.32
threshold=390.00000000000006 7.5000000000000009 1.2565789473684212 3.5000000000000004 1.4807692307692311 28.500000000000004 1.6811594202898552 31.500000000000004 4.2678571428571432 48.500000000000007 3.7750000000000004 1.0000000180025095e-35 4.9375000000000009 174.00000000000003
decision_type=2 2 2 2 2 2 2 2 2 2 2 2 2 2
left_child=5 2 6 4 -4 10 -2 -7 9 -9 12 -12 -1 -13
right_child=1 -3 3 -5 -6 7 -8 8 -10 -11 11 13 -14 -15
leaf_value=-0.038541651815393319 -0.0091943404823541641 0.16275876751967838 0.16697309526801107 -0.11868507876992225 0.025764741990638926 0.075049378072673617 -0.15237785339355467 -0.044735411163183705 0.070557194398394946 0.076406025141477582 -0.066160120825198565 -0.047432535566389558 -0.091721375853839243 0.038768151146122962
leaf_weight=450 20 21 20 20 732 33 22 79 29 20 33 20 44 59
leaf_count=450 20 21 20 20 732 33 22 79 29 20 33 20 44 59
internal_value=-3.12002e-10 0.0236015 0.0200115 0.0256808 0.0295203 -0.025694 -0.0841952 0.0156324 0.000313919 -0.0202624 -0.0366734 -0.00754119 -0.0432783 0.0169452
internal_weight=1602 835 814 772 752 767 42 161 128 99 606 112 494 79
internal_count=1602 835 814 772 752 767 42 161 128 99 606 112 494 79
is_linear=0
shrinkage=0.03


Tree=89
num_leaves=15
num_cat=0
split_feature=3 7 5 1 3 6 3 7 6 9 7 4 7 2
split_gain=1029.75 1022.8 480.224 448.59 536.038 388.783 348.525 491.129 745.812 1205.76 358.04 310.182 271.455 448.283
threshold=3.5000000000000004 4.7083333333333348 7.5000000000000009 1.0000000180025095e-35 14.500000000000002 24.500000000000004 1.0000000180025095e-35 6.291666666666667 29.500000000000004 774.00000000000011 11.750000000000002 36.500000000000007 4.4142857142857155 2.5000000000000004
decision_type=2 2 2 2 2 2 2 2 2 2 2 2 2 2
left_child=6 2 3 5 -5 -2 -1 12 9 -9 -10 -3 13 -8
right_child=1 11 -4 4 -6 -7 7 8 10 -11 -12 -13 -14 -15
leaf_value=-0.048969265428159207 -0.059292208173257463 0.20020966773231821 0.14430926771163941 -0.0018063267212483785 -0.13845988467335701 0.048095512154692918 0.041880038475448439 0.03168744363906708 -0.08372122608600778 0.2926809941870826 0.06783044528961181 0.059170299612957493 -0.059416002946925325 -0.04081632886490185
leaf_weight=298 34 36 25 334 28 282 99 66 47 21 20 23 143 146
leaf_count=298 34 36 25 334 28 282 99 66 47 21 20 23 143 146
internal_value=-1.31159e-10 0.0252533 0.0151843 0.010423 -0.0123762 0.0365411 -0.0229083 -0.00857964 0.0367492 0.0946859 -0.0384819 0.145228 -0.026571 -0.00740025
internal_weight=1602 762 703 678 362 316 840 542 154 87 67 59 388 245
internal_count=1602 762 703 678 362 316 840 542 154 87 67 59 388 245
is_linear=0
shrinkage=0.03


Tree=90
num_leaves=15
num_cat=0
split_feature=3 7 3 8 8 2 8 1 3 6 7 4 2 0
split_gain=968.891 962.351 463.24 394.763 1119.94 463.734 461.186 387.509 539.607 364.212 339.587 291.85 208.695 31.8339
threshold=3.5000000000000004 4.7083333333333348 19.000000000000004 1.8441295546558707 2.2361111111111116 2.5000000000000004 4.2678571428571432 1.0000000180025095e-35 14.500000000000002 24.500000000000004 6.6333333333333337 36.500000000000007 9.5000000000000018 78.000000000000014
decision_type=2 2 2 2 2 2 2 2 2 2 2 2 2 2
left_child=3 2 7 12 -5 6 -6 9 -9 -2 -7 -3 13 -1
right_child=1 11 -4 4 5 10 -8 8 -10 -11 -12 -13 -14 -15
leaf_value=-0.04067801704215751 -0.057513440560330364 0.19420337840914725 0.14154987031817434 0.19345032362937925 0.12102736920118332 -0.12034601569175719 -0.0044649761371005512 -0.0010290006483134268 -0.14810313031077382 0.046630818357978783 -0.022236159287136174 0.057395193317662109 -0.13226494390856133 -0.01595414171202315
leaf_weight=355 34 36 25 25 30 50 217 348 24 272 87 23 22 54
leaf_count=355 34 36 25 25 30 50 217 348 24 272 87 23 22 54
internal_value=2.01176e-10 0.0244957 0.0147287 -0.0222211 -0.00110921 -0.0137758 0.010777 0.0100524 -0.0105177 0.0350592 -0.0580427 0.140871 -0.0422553 -0.0374137
internal_weight=1602 762 703 840 409 384 247 678 372 306 137 59 431 409
internal_count=1602 762 703 840 409 384 247 678 372 306 137 59 431 409
is_linear=0
shrinkage=0.03


Tree=91
num_leaves=15
num_cat=0
split_feature=3 7 5 1 3 8 8 2 8 7 7 4 2 0
split_gain=911.63 905.476 443.358 396.727 480.517 371.433 1053.75 436.328 433.93 330.056 319.518 274.602 196.361 29.9525
threshold=3.5000000000000004 4.7083333333333348 7.5000000000000009 1.0000000180025095e-35 14.500000000000002 1.8441295546558707 2.2361111111111116 2.5000000000000004 4.2678571428571432 2.0750000000000006 6.6333333333333337 36.500000000000007 9.5000000000000018 78.000000000000014
decision_type=2 2 2 2 2 2 2 2 2 2 2 2 2 2
left_child=5 2 3 9 -5 12 -7 8 -8 -2 -9 -3 13 -1
right_child=1 11 -4 4 -6 6 7 10 -10 -11 -12 -13 -14 -15
leaf_value=-0.039457676868334832 0.072425451054267828 0.18837727750341099 0.13835662293434142 -0.0017212665706739098 -0.13110436320304869 0.18764681053161622 0.117396548807621 -0.1167356357216835 -0.0043310272617025237 0.0096345294625280065 -0.021569075340340877 0.055673335013182265 -0.12829699573191727 -0.015475518906282053
leaf_weight=355 124 36 25 334 28 25 30 50 217 192 87 23 22 54
leaf_count=355 124 36 25 334 28 25 30 50 217 192 87 23 22 54
internal_value=-5.75754e-11 0.0237608 0.0142869 0.00971204 -0.0117288 -0.0215545 -0.00107594 -0.0133626 0.0104537 0.034274 -0.0563014 0.136645 -0.0409877 -0.0362913
internal_weight=1602 762 703 678 362 840 409 384 247 316 137 59 431 409
internal_count=1602 762 703 678 362 840 409 384 247 316 137 59 431 409
is_linear=0
shrinkage=0.03


Tree=92
num_leaves=15
num_cat=0
split_feature=6 7 6 0 3 7 4 2 3 2 2 8 8 8
split_gain=868.808 726.264 755.403 648.708 556.395 692.929 555.935 926.306 460.132 344.195 276.728 230.958 270.726 1031.18
threshold=28.500000000000004 6.291666666666667 17.500000000000004 30.000000000000004 3.5000000000000004 4.7083333333333348 18.500000000000004 11.500000000000002 19.000000000000004 2.5000000000000004 5.5000000000000009 9.5833333333333339 3.7750000000000004 4.2250000000000005
decision_type=2 2 2 2 2 2 2 2 2 2 2 2 2 2
left_child=1 11 -3 -4 9 6 7 -6 -8 -2 -7 12 -1 -14
right_child=4 2 3 -5 5 10 8 -9 -10 -11 -12 -13 13 -15
leaf_value=-0.035626876272221372 0.057491997087543656 -0.10912750701606273 0.014941468898739133 0.18485640446727092 0.14842634612300865 0.17907281603664157 0.0030362858551807597 -0.041998858951470423 0.13539549347162247 -0.07927129410096069 0.041818333268165586 -0.093948024952031195 0.18971490710973737 -0.021515937864404314
leaf_weight=562 22 20 42 39 71 39 434 34 25 67 20 47 24 156
leaf_count=562 22 20 42 39 71 39 434 34 25 67 20 47 24 156
internal_value=-2.22236e-10 -0.0197604 0.0559841 0.0967524 0.0247006 0.0347242 0.024491 0.0867649 0.0102454 -0.0454646 0.132546 -0.0294565 -0.0253715 0.00664817
internal_weight=1602 890 101 81 712 623 564 105 459 89 59 789 742 180
internal_count=1602 890 101 81 712 623 564 105 459 89 59 789 742 180
is_linear=0
shrinkage=0.03


Tree=93
num_leaves=15
num_cat=0
split_feature=6 7 6 3 7 4 2 7 3 7 7 8 8 8
split_gain=817.461 683.341 710.759 523.512 651.977 523.079 871.561 506.45 432.939 332.155 265.853 217.309 265.027 559.464
threshold=28.500000000000004 6.291666666666667 17.500000000000004 3.5000000000000004 4.7083333333333348 18.500000000000004 11.500000000000002 7.366666666666668 19.000000000000004 12.250000000000002 5.2678571428571432 9.5833333333333339 5.4500000000000011 6.8166666666666673
decision_type=2 2 2 2 2 2 2 2 2 2 2 2 2 2
left_child=1 11 -3 9 5 6 -5 -4 -7 -2 -6 12 -1 -14
right_child=3 2 7 4 10 8 -8 -9 -10 -11 -12 -13 13 -15
leaf_value=-0.030799334615730256 -0.076307832677574711 -0.10585367625206708 0.20612165990173817 0.14397355608432225 0.19334005171882696 0.0029451972941228525 -0.040738893449306486 0.043728424928018025 0.13133363018631936 0.060189068572861798 0.06595796394348144 -0.091129582632095252 0.12408403173554688 -0.038544553239294822
leaf_weight=663 68 20 25 71 29 434 34 56 25 21 30 47 32 47
leaf_count=663 68 20 25 71 29 434 34 56 25 21 30 47 32 47
internal_value=1.67882e-10 -0.0191676 0.0543046 0.0239595 0.0336824 0.0237563 0.0841619 0.0938498 0.00993803 -0.0441007 0.128569 -0.0285728 -0.0246103 0.0273303
internal_weight=1602 890 101 712 623 564 105 81 459 89 59 789 742 79
internal_count=1602 890 101 712 623 564 105 81 459 89 59 789 742 79
is_linear=0
shrinkage=0.03


Tree=94
num_leaves=15
num_cat=0
split_feature=9 8 8 7 8 8 8 8 4 6 3 3 8 1
split_gain=818.477 434.367 546.093 917.453 1063.23 682.104 640.09 522.227 315.97 214.376 204.797 518.208 265.578 206.417
threshold=558.00000000000011 1.2565789473684212 2.1742424242424243 2.0750000000000006 3.6458333333333335 2.0839160839160846 4.8166666666666673 1.7071428571428573 27.500000000000004 51.500000000000007 4.5000000000000009 7.5000000000000009 2.0839160839160846 1.0000000180025095e-35
decision_type=2 2 2 2 2 2 2 2 2 2 2 2 2 2
left_child=8 -2 5 4 -4 7 -5 -3 10 -10 -1 12 -12 -13
right_child=1 2 3 6 -6 -7 -8 -9 9 -11 11 13 -14 -15
leaf_value=-0.029991812701929268 -0.093467315664658185 0.15147306187078355 0.20502970928083294 -0.033811932827147964 -0.026917175876683203 0.2467074630941663 0.039975184950555485 -0.0020054392657190001 0.089613564044237135 -0.017514957744499734 0.13377699181437491 0.011329731141870959 0.023513820929537441 -0.069277501402244174
leaf_weight=688 26 32 46 221 29 21 203 53 40 29 28 47 66 73
leaf_count=688 26 32 46 221 29 21 203 53 40 29 28 47 66 73
internal_value=-3.15329e-10 0.0266004 0.0317603 0.0186238 0.115344 0.093601 0.00151539 0.0557747 -0.0172861 0.0445885 -0.0220194 0.00361172 0.0563582 -0.0377063
internal_weight=1602 631 605 499 75 106 424 85 971 69 902 214 94 120
internal_count=1602 631 605 499 75 106 424 85 971 69 902 214 94 120
is_linear=0
shrinkage=0.03


Tree=95
num_leaves=15
num_cat=0
split_feature=9 8 8 7 8 8 8 8 4 3 3 8 1 2
split_gain=770.105 408.696 513.819 863.231 1000.4 641.792 602.261 491.364 297.296 192.693 487.582 249.883 194.218 161.987
threshold=558.00000000000011 1.2565789473684212 2.1742424242424243 2.0750000000000006 3.6458333333333335 2.0839160839160846 4.8166666666666673 1.7071428571428573 27.500000000000004 4.5000000000000009 7.5000000000000009 2.0839160839160846 1.0000000180025095e-35 8.5000000000000018
decision_type=2 2 2 2 2 2 2 2 2 2 2 2 2 2
left_child=8 -2 5 4 -4 7 -5 -3 9 13 11 -11 -12 -1
right_child=1 2 3 6 -6 -7 -8 -9 -10 10 12 -13 -14 -15
leaf_value=-0.025427620586287086 -0.090663297084661629 0.14692887095734478 0.19887882141639357 -0.032797573756140008 -0.026109658746883785 0.23930624651057381 0.038775927989670243 -0.0019452772669072422 0.043250879567602402 0.12976368376186917 0.010989839467120932 0.022808406640648503 -0.067199176241681993 -0.086918666617172513
leaf_weight=647 26 32 46 221 29 21 203 53 69 28 47 66 73 41
leaf_count=647 26 32 46 221 29 21 203 53 69 28 47 66 73 41
internal_value=1.89613e-10 0.0258024 0.0308075 0.0180651 0.111883 0.090793 0.00146993 0.0541015 -0.0167676 -0.0213588 0.00350337 0.0546674 -0.0365751 -0.0290921
internal_weight=1602 631 605 499 75 106 424 85 971 902 214 94 120 688
internal_count=1602 631 605 499 75 106 424 85 971 902 214 94 120 688
is_linear=0
shrinkage=0.03


Tree=96
num_leaves=15
num_cat=0
split_feature=9 8 8 3 8 9 6 4 6 2 8 8 6 8
split_gain=724.592 384.542 483.452 661.603 879.62 631.392 1201.73 487.368 282.608 298.81 455.715 547.801 206.14 163.528
threshold=558.00000000000011 1.2565789473684212 2.1742424242424243 10.500000000000002 2.7530364372469642 894.00000000000011 37.500000000000007 13.500000000000002 28.500000000000004 11.500000000000002 2.0839160839160846 2.4722222222222228 44.500000000000007 9.5833333333333339
decision_type=2 2 2 2 2 2 2 2 2 2 2 2 2 2
left_child=8 -2 5 7 -5 -3 -7 -4 13 10 -10 -12 -11 -1
right_child=1 2 3 4 -6 6 -8 -9 9 12 11 -13 -14 -15
leaf_value=-0.022896028113693859 -0.087943399388056537 0.016219870023843314 0.10491282956473327 0.25564688436009669 0.038175362642322269 0.31255889643430707 0.023906969229380289 -0.0092816785368061549 0.11632026886067739 -0.11307273859014877 -0.10913016315429441 0.030428134974740124 0.0006520236097276211 -0.088537970694402848
leaf_weight=667 26 54 37 22 70 25 27 370 41 26 31 138 32 36
leaf_count=667 26 54 37 22 70 25 27 370 41 26 31 138 32 36
internal_value=6.28992e-11 0.0250283 0.0298833 0.0175232 0.0901794 0.0880692 0.162682 0.00109964 -0.0162645 0.00994833 0.0265961 0.00482868 -0.050328 -0.0262575
internal_weight=1602 631 605 499 92 106 52 407 971 268 210 169 58 703
internal_count=1602 631 605 499 92 106 52 407 971 268 210 169 58 703
is_linear=0
shrinkage=0.03


Tree=97
num_leaves=14
num_cat=0
split_feature=9 0 4 7 3 4 8 7 0 7 9 1 8
split_gain=686.181 403.553 391.076 312.331 773.292 236.574 125.141 104.233 117.978 103.878 89.1578 120.357 64.9458
threshold=390.00000000000006 90.000000000000014 41.500000000000007 1.2361111111111114 14.500000000000002 21.500000000000004 2.5857142857142863 5.2678571428571432 18.000000000000004 4.5357142857142865 138.00000000000003 1.0000000180025095e-35 1.6568627450980393
decision_type=2 2 2 2 2 2 2 2 2 2 2 2 2
left_child=5 2 3 -2 -5 7 -7 10 -9 -8 12 -12 -1
right_child=1 -3 -4 4 -6 6 9 8 -10 -11 11 -13 -14
leaf_value=-0.029426000301519515 0.12856350018829105 0.12876793137912093 0.14586433978378771 0.015453805583048782 -0.12166839354313336 -0.029245855376638215 0.080266070008898779 -0.03145181096412919 -0.12241202916417802 0.0065775283900174229 0.010097486026246438 -0.03081136544447715 -0.077825610207186799
leaf_weight=329 20 29 20 727 39 29 36 33 21 33 132 127 27
leaf_count=329 20 29 20 727 39 29 36 33 21 33 132 127 27
internal_value=4.14212e-11 0.0188176 0.0148615 0.0115281 0.00847239 -0.0204859 0.023046 -0.0268628 -0.0668252 0.0450237 -0.0233539 -0.00996207 -0.0330968
internal_weight=1602 835 806 786 766 767 98 669 54 69 615 259 356
internal_count=1602 835 806 786 766 767 98 669 54 69 615 259 356
is_linear=0
shrinkage=0.03


Tree=98
num_leaves=15
num_cat=0
split_feature=9 8 8 1 7 8 3 3 3 2 7 7 9 2
split_gain=649.795 367.997 463.129 425.943 727.821 315.517 251.03 195.573 335 110.958 88.1188 59.9317 33.8304 52.0024
threshold=558.00000000000011 1.2565789473684212 1.7071428571428573 1.0000000180025095e-35 5.154761904761906 2.8090909090909095 1.0000000180025095e-35 12.500000000000002 10.500000000000002 1.0000000180025095e-35 4.9375000000000009 1.6339285714285716 54.000000000000007 4.5000000000000009
decision_type=2 2 2 2 2 2 2 2 2 2 2 2 2 2
left_child=6 -2 -3 4 -4 -5 10 8 9 -8 12 -9 -1 -14
right_child=1 2 3 5 -6 -7 7 11 -10 -11 -12 -13 13 -15
leaf_value=-0.039038277555238726 -0.08681327090813562 0.13952071278356015 0.025884203587367406 0.04934290442833459 0.15130165318794109 -0.021300291603275172 -0.055598443168166437 -0.098613079141663465 0.092201744158836932 -0.0026120551826814254 -0.088103629915878681 -0.031510973453521732 -0.034970590716227892 0.020887681245803834
leaf_weight=203 26 32 227 77 51 218 38 23 33 556 29 25 40 24
leaf_count=203 26 32 227 77 51 218 38 23 33 556 29 25 40 24
internal_value=2.20042e-10 0.0237014 0.0284507 0.0222479 0.0488924 -0.00286122 -0.0154022 -0.00530113 -0.000833151 -0.00600176 -0.0384368 -0.0636641 -0.0330423 -0.0140237
internal_weight=1602 631 605 573 278 295 971 675 627 594 296 48 267 64
internal_count=1602 631 605 573 278 295 971 675 627 594 296 48 267 64
is_linear=0
shrinkage=0.03


Tree=99
num_leaves=15
num_cat=0
split_feature=6 7 9 7 7 8 4 2 7 2 6 8 8 8
split_gain=617.136 620.455 1065.05 405.5 666.378 685.067 432.087 636.125 371.468 325.015 303.733 207.659 219.763 511.182
threshold=28.500000000000004 6.291666666666667 774.00000000000011 6.1000000000000005 4.7083333333333348 5.1339285714285721 18.500000000000004 11.500000000000002 1.6339285714285716 6.5000000000000009 17.500000000000004 9.5833333333333339 5.4500000000000011 6.8166666666666673
decision_type=2 2 2 2 2 2 2 2 2 2 2 2 2 2
left_child=1 11 10 4 6 -6 7 -2 -8 -5 -3 12 -1 -14
right_child=3 2 -4 9 5 -7 8 -9 -10 -11 -12 -13 13 -15
leaf_value=-0.027378481468227925 0.1224819920927286 -0.096507710075005887 0.24940833689644931 -0.0034310184283690018 0.021307909844013363 0.23706100198957653 -0.08972613216801123 -0.033953643064288531 0.01475222373801008 -0.13044500058889388 0.038211510479450227 -0.086768344495286975 0.11803956839488819 -0.037413329913261087
leaf_weight=663 75 20 20 66 26 27 33 34 426 25 61 47 32 47
leaf_count=663 75 20 20 66 26 27 33 34 426 25 61 47 32 47
internal_value=-4.62173e-11 -0.0166543 0.0533556 0.0208178 0.0294845 0.13122 0.0199916 0.0736856 0.00724071 -0.038325 0.00494751 -0.0256162 -0.0217427 0.0255549
internal_weight=1602 890 101 712 621 53 568 109 459 91 81 789 742 79
internal_count=1602 890 101 712 621 53 568 109 459 91 81 789 742 79
is_linear=0
shrinkage=0.03


Tree=100
num_leaves=15
num_cat=0
split_feature=9 7 7 8 7 4 1 8 7 7 9 9 1 8
split_gain=583.213 370.067 578.425 624.303 572.706 210.361 123.507 116.208 97.1026 97.0129 84.8473 75.6721 115.885 61.1579
threshold=390.00000000000006 1.1291666666666669 1.6547619047619049 1.3229166666666667 2.0750000000000006 21.500000000000004 1.0000000180025095e-35 2.5857142857142863 5.2678571428571432 4.5357142857142865 246.00000000000003 138.00000000000003 1.0000000180025095e-35 1.6568627450980393
decision_type=2 2 2 2 2 2 2 2 2 2 2 2 2 2
left_child=5 -2 6 -4 -5 8 -3 -7 11 -9 -10 13 -13 -1
right_child=1 2 3 4 -6 7 -8 9 10 -11 -12 12 -14 -15
leaf_value=-0.026926617927588863 0.1448400931432843 -0.040828473993710104 -0.12432393681544524 0.090166863458497171 0.014582365198793142 -0.028227948916369469 -0.14254247790033167 0.077399612180888658 -0.034629337145563432 0.006187757524577054 -0.11250160065293312 0.010508061156354167 -0.02963374061113971 -0.073893623786667972
leaf_weight=329 20 21 26 105 641 29 22 36 34 33 20 132 127 27
leaf_count=329 20 21 26 105 641 29 22 36 34 33 20 132 127 27
internal_value=-1.80771e-10 0.0173483 0.0142197 0.0201844 0.0252209 -0.0188864 -0.0928682 0.022163 -0.0248996 0.0433418 -0.0634709 -0.0215129 -0.00917537 -0.0304887
internal_weight=1602 835 815 772 746 767 43 98 669 69 54 615 259 356
internal_count=1602 835 815 772 746 767 43 98 669 69 54 615 259 356
is_linear=0
shrinkage=0.03


Tree=101
num_leaves=15
num_cat=0
split_feature=3 9 6 7 4 6 7 4 7 6 6 7 9 9
split_gain=559.338 399.865 305.657 384.538 295.738 296.256 282.534 232.763 228.464 636.435 361.023 216.264 211.183 40.5723
threshold=1.0000000180025095e-35 1524.0000000000002 37.500000000000007 2.0750000000000006 31.500000000000004 51.500000000000007 7.366666666666668 6.5000000000000009 6.291666666666667 29.500000000000004 28.500000000000004 3.6458333333333335 906.00000000000011 66.000000000000014
decision_type=2 2 2 2 2 2 2 2 2 2 2 2 2 2
left_child=7 4 -3 -4 8 6 -6 13 10 -10 -2 -5 -7 -1
right_child=1 2 3 11 5 12 -8 -9 9 -11 -12 -13 -14 -15
leaf_value=-0.036330299690793579 -0.023603499314428126 0.14595585982501505 0.10949429464526474 -0.099787055522203433 0.17298174011019557 0.060638081760090931 0.028635851390983746 -0.13337583814348491 0.082734982078505118 -0.06211027383059263 0.013249365004976064 0.0397256647918839 -0.045896743022074755 -0.0096526144773644556
leaf_weight=209 507 30 32 20 26 34 23 21 86 40 453 20 33 68
leaf_count=209 507 30 32 20 26 34 23 21 86 40 453 20 33 68
internal_value=1.08166e-10 0.00847416 0.0655026 0.0319804 0.00363481 0.049166 0.105228 -0.0370816 -0.00122856 0.0367524 -0.00621355 -0.0300307 0.00816571 -0.0297813
internal_weight=1602 1304 102 72 1202 116 49 298 1086 126 960 40 67 277
internal_count=1602 1304 102 72 1202 116 49 298 1086 126 960 40 67 277
is_linear=0
shrinkage=0.03


Tree=102
num_leaves=14
num_cat=0
split_feature=9 4 8 8 8 5 4 6 2 2 4 9 2
split_gain=528.148 355.731 300.21 516.466 608.604 444.773 225.422 197.33 142.573 297.914 146.304 87.2554 72.5156
threshold=558.00000000000011 40.500000000000007 1.2565789473684212 2.1742424242424243 2.0384615384615388 3.5000000000000004 27.500000000000004 51.500000000000007 11.500000000000002 9.5000000000000018 16.500000000000004 318.00000000000006 4.5000000000000009
decision_type=2 2 2 2 2 2 2 2 2 2 2 2 2
left_child=6 2 -2 4 -4 -5 8 12 9 10 -1 -10 -8
right_child=1 -3 3 5 -6 -7 7 -9 11 -11 -12 -13 -14
leaf_value=-0.025450810715217213 -0.083027670704401452 0.13002519526733802 0.039004221372306344 0.013876197497045856 0.20398981837762725 -0.13068679459579288 0.04118117997050285 -0.021206858935284203 -0.034401800915085032 0.074777411328395826 0.0046328847536018913 -0.11585372793674469 0.12196732038259506
leaf_weight=632 26 26 79 453 27 20 20 29 29 32 189 20 20
leaf_count=632 26 26 79 453 27 20 20 29 29 32 189 20 20
internal_value=7.43314e-11 0.0213679 0.0166984 0.0211766 0.0810289 0.0077636 -0.0138859 0.0383764 -0.0178838 -0.0150251 -0.0185253 -0.0676475 0.0815743
internal_weight=1602 631 605 579 106 473 971 69 902 853 821 49 40
internal_count=1602 631 605 579 106 473 971 69 902 853 821 49 40
is_linear=0
shrinkage=0.03


Tree=103
num_leaves=13
num_cat=0
split_feature=9 4 0 8 8 4 6 2 2 4 9 2
split_gain=496.935 334.708 361.451 283.903 432.842 212.099 185.668 134.147 280.307 137.657 82.0986 68.2299
threshold=558.00000000000011 40.500000000000007 90.000000000000014 1.2565789473684212 1.7071428571428573 27.500000000000004 51.500000000000007 11.500000000000002 9.5000000000000018 16.500000000000004 318.00000000000006 4.5000000000000009
decision_type=2 2 2 2 2 2 2 2 2 2 2 2
left_child=5 2 3 -2 -5 7 11 8 9 -1 -9 -7
right_child=1 -3 -4 4 -6 6 -8 10 -10 -11 -12 -13
leaf_value=-0.02468728635770702 -0.090014327168464664 0.12612443526203815 0.1195403674142114 0.12429271266345054 0.0089060345800475518 0.039945742964744568 -0.020570655231331957 -0.033369746773407372 0.072534087396925309 0.0044938981769576903 -0.11237811541557312 0.11830830109119414
leaf_weight=632 24 26 29 31 521 20 29 29 32 189 20 20
leaf_count=632 24 26 29 31 521 20 29 29 32 189 20 20
internal_value=-1.76467e-10 0.0207269 0.0161974 0.0109944 0.0153861 -0.0134693 0.0372251 -0.0173472 -0.0145744 -0.0179696 -0.0656181 0.079127
internal_weight=1602 631 605 576 552 971 69 902 853 821 49 40
internal_count=1602 631 605 576 552 971 69 902 853 821 49 40
is_linear=0
shrinkage=0.03


end of trees

feature_importances:
motor_cog_ratio=266
updrs_3_baseline=241
baseline_time_interaction=176
updrs_2_baseline=168
updrs_total_baseline=158
motor_adl_ratio=147
medication_on=115
updrs_1_baseline=85
visit_month=74
updrs_4_baseline=14

parameters:
[boosting: gbdt]
[objective: regression]
[metric: rmse]
[tree_learner: serial]
[device_type: cpu]
[data_sample_strategy: bagging]
[data: ]
[valid: ]
[num_iterations: 1000]
[learning_rate: 0.03]
[num_leaves: 15]
[num_threads: 0]
[seed: 42]
[deterministic: 0]
[force_col_wise: 0]
[force_row_wise: 0]
[histogram_pool_size: -1]
[max_depth: 5]
[min_data_in_leaf: 20]
[min_sum_hessian_in_leaf: 0.001]
[bagging_fraction: 1]
[pos_bagging_fraction: 1]
[neg_bagging_fraction: 1]
[bagging_freq: 0]
[bagging_seed: 400]
[bagging_by_query: 0]
[feature_fraction: 0.8]
[feature_fraction_bynode: 1]
[feature_fraction_seed: 30056]
[extra_trees: 0]
[extra_seed: 12879]
[early_stopping_round: 0]
[early_stopping_min_delta: 0]
[first_metric_only: 0]
[max_delta_step: 0]
[lambda_l1: 0]
[lambda_l2: 0]
[linear_lambda: 0]
[min_gain_to_split: 0]
[drop_rate: 0.1]
[max_drop: 50]
[skip_drop: 0.5]
[xgboost_dart_mode: 0]
[uniform_drop: 0]
[drop_seed: 17869]
[top_rate: 0.2]
[other_rate: 0.1]
[min_data_per_group: 100]
[max_cat_threshold: 32]
[cat_l2: 10]
[cat_smooth: 10]
[max_cat_to_onehot: 4]
[top_k: 20]
[monotone_constraints: ]
[monotone_constraints_method: basic]
[monotone_penalty: 0]
[feature_contri: ]
[forcedsplits_filename: ]
[refit_decay_rate: 0.9]
[cegb_tradeoff: 1]
[cegb_penalty_split: 0]
[cegb_penalty_feature_lazy: ]
[cegb_penalty_feature_coupled: ]
[path_smooth: 0]
[interaction_constraints: ]
[verbosity: -1]
[saved_feature_importance_type: 0]
[use_quantized_grad: 0]
[num_grad_quant_bins: 4]
[quant_train_renew_leaf: 0]
[stochastic_rounding: 1]
[linear_tree: 0]
[max_bin: 255]
[max_bin_by_feature: ]
[min_data_in_bin: 3]
[bin_construct_sample_cnt: 200000]
[data_random_seed: 175]
[is_enable_sparse: 1]
[enable_bundle: 1]
[use_missing: 1]
[zero_as_missing: 0]
[feature_pre_filter: 1]
[pre_partition: 0]
[two_round: 0]
[header: 0]
[label_column: ]
[weight_column: ]
[group_column: ]
[ignore_column: ]
[categorical_feature: ]
[forcedbins_filename: ]
[precise_float_parser: 0]
[parser_config_file: ]
[objective_seed: 16083]
[num_class: 1]
[is_unbalance: 0]
[scale_pos_weight: 1]
[sigmoid: 1]
[boost_from_average: 1]
[reg_sqrt: 0]
[alpha: 0.9]
[fair_c: 1]
[poisson_max_delta_step: 0.7]
[tweedie_variance_power: 1.5]
[lambdarank_truncation_level: 30]
[lambdarank_norm: 1]
[label_gain: ]
[lambdarank_position_bias_regularization: 0]
[eval_at: ]
[multi_error_top_k: 1]
[auc_mu_weights: ]
[num_machines: 1]
[local_listen_port: 12400]
[time_out: 120]
[machine_list_filename: ]
[machines: ]
[gpu_platform_id: -1]
[gpu_device_id: -1]
[gpu_use_dp: 0]
[num_gpu: 1]

end of parameters

pandas_categorical:[]
